date,act_symbol,expiration,strike,type,bid,ask,vol,delta,gamma,theta,vega,rho,underlying_price
9/2/2019,A,15/2/2019,65,Call,10.5,11.25,0.2705,1,0,-0.0046,0,0.0124,74.28
9/2/2019,A,15/2/2019,65,Put,0,0.03,0.3133,-0.0002,0.0002,-0.0002,0.0001,0,74.28
9/2/2019,A,15/2/2019,67.5,Call,8.15,8.5,0.2705,0.9991,0.001,-0.0053,0.0003,0.0129,74.28
9/2/2019,A,15/2/2019,67.5,Put,0,0.03,0.3133,-0.0034,0.0031,-0.0024,0.0011,0,74.28
9/2/2019,A,15/2/2019,70,Call,5.7,6,0.2705,0.9845,0.0137,-0.0127,0.0041,0.0132,74.28
9/2/2019,A,15/2/2019,70,Put,0.03,0.05,0.3133,-0.0308,0.0212,-0.0162,0.0073,-0.0005,74.28
9/2/2019,A,15/2/2019,72.5,Call,3.35,3.6,0.2626,0.8955,0.0658,-0.0402,0.019,0.0123,74.28
9/2/2019,A,15/2/2019,72.5,Put,0.12,0.15,0.26,-0.1021,0.0655,-0.0343,0.0189,-0.0014,74.28
9/2/2019,A,15/2/2019,75,Call,1.33,1.49,0.2241,0.6456,0.1583,-0.0659,0.039,0.0091,74.28
9/2/2019,A,15/2/2019,75,Put,0.52,0.6,0.2201,-0.353,0.1619,-0.0598,0.039,-0.0047,74.28
9/2/2019,A,15/2/2019,77.5,Call,0.21,0.23,0.1861,0.2034,0.1449,-0.0405,0.0297,0.0029,74.28
9/2/2019,A,15/2/2019,77.5,Put,1.73,1.97,0.1721,-0.8214,0.1506,-0.0306,0.0281,-0.0081,74.28
9/2/2019,A,15/2/2019,80,Call,0,0.03,0.1861,0.0196,0.0244,-0.0067,0.005,0.0003,74.28
9/2/2019,A,15/2/2019,80,Put,4.1,4.35,0.1721,-0.9998,0.007,0,0.0005,0,74.28
9/2/2019,A,15/2/2019,82.5,Call,0,0.03,0.1861,0.0006,0.001,-0.0003,0.0002,0,74.28
9/2/2019,A,15/2/2019,82.5,Put,6.6,7.25,0.1721,-1,0,0,0,0,74.28
9/2/2019,A,15/2/2019,85,Call,0,0.03,0.1861,0,0,0,0,0,74.28
9/2/2019,A,15/2/2019,85,Put,9.1,9.75,0.1721,-1,0,0,0,0,74.28
9/2/2019,A,15/3/2019,65,Call,11.05,11.35,0.3457,0.9349,0.0157,-0.0189,0.0298,0.0571,74.28
9/2/2019,A,15/3/2019,65,Put,0.2,0.24,0.3386,-0.0613,0.0153,-0.0135,0.0291,-0.0044,74.28
9/2/2019,A,15/3/2019,67.5,Call,8.75,9,0.3222,0.8921,0.0245,-0.0242,0.0435,0.0562,74.28
9/2/2019,A,15/3/2019,67.5,Put,0.38,0.43,0.321,-0.1071,0.0246,-0.0194,0.0442,-0.0076,74.28
9/2/2019,A,15/3/2019,70,Call,6.55,6.8,0.3009,0.8233,0.0368,-0.0301,0.0608,0.0534,74.28
9/2/2019,A,15/3/2019,70,Put,0.68,0.75,0.3022,-0.1782,0.037,-0.0256,0.0613,-0.0124,74.28
9/2/2019,A,15/3/2019,72.5,Call,4.65,4.85,0.2907,0.7147,0.0498,-0.0366,0.0797,0.0473,74.28
9/2/2019,A,15/3/2019,72.5,Put,1.15,1.28,0.2829,-0.282,0.0514,-0.0308,0.0804,-0.0192,74.28
9/2/2019,A,15/3/2019,75,Call,2.99,3.15,0.2741,0.5779,0.0609,-0.0389,0.0918,0.039,74.28
9/2/2019,A,15/3/2019,75,Put,2.03,2.12,0.2716,-0.4243,0.0622,-0.0337,0.0916,-0.0279,74.28
9/2/2019,A,15/3/2019,77.5,Call,1.74,1.86,0.2627,0.42,0.0634,-0.0366,0.0917,0.0288,74.28
9/2/2019,A,15/3/2019,77.5,Put,3.2,3.4,0.2594,-0.5862,0.0654,-0.0313,0.0919,-0.036,74.28
9/2/2019,A,15/3/2019,80,Call,0.85,0.91,0.246,0.2617,0.0564,-0.0282,0.0763,0.0181,74.28
9/2/2019,A,15/3/2019,80,Put,4.85,5.05,0.25,-0.7429,0.0575,-0.024,0.0777,-0.0401,74.28
9/2/2019,A,15/3/2019,82.5,Call,0.36,0.42,0.2388,0.1409,0.0399,-0.0186,0.0524,0.0099,74.28
9/2/2019,A,15/3/2019,82.5,Put,6.85,7.1,0.2437,-0.8668,0.0421,-0.0146,0.0519,-0.0366,74.28
9/2/2019,A,15/3/2019,85,Call,0.14,0.18,0.2366,0.0675,0.0235,-0.0107,0.0306,0.0047,74.28
9/2/2019,A,15/3/2019,85,Put,9.15,9.5,0.2623,-0.9253,0.0283,-0.0097,0.0346,-0.0302,74.28
9/2/2019,AAL,22/2/2019,30.5,Call,5.45,5.6,0.3575,0.9922,0.0085,-0.004,0.0015,0.0116,27.79
9/2/2019,AAL,22/2/2019,30.5,Put,0,0.05,0.406,-0.0163,0.0142,-0.0041,0.0029,-0.0002,27.79
9/2/2019,AAL,22/2/2019,32.5,Call,3.55,3.65,0.3508,0.938,0.0495,-0.0129,0.0086,0.0116,27.79
9/2/2019,AAL,22/2/2019,32.5,Put,0.09,0.12,0.3889,-0.0816,0.0551,-0.0146,0.0106,-0.0012,27.79
9/2/2019,AAL,22/2/2019,33.5,Call,2.67,2.75,0.3516,0.8631,0.0885,-0.0214,0.0154,0.0109,27.79
9/2/2019,AAL,22/2/2019,33.5,Put,0.18,0.22,0.3659,-0.1459,0.0887,-0.0207,0.0161,-0.0021,27.79
9/2/2019,AAL,22/2/2019,34.5,Call,1.87,1.94,0.3443,0.7516,0.1305,-0.0292,0.0223,0.0096,27.79
9/2/2019,AAL,22/2/2019,34.5,Put,0.35,0.39,0.3431,-0.2481,0.1315,-0.0268,0.0221,-0.0033,27.79
9/2/2019,AAL,22/2/2019,35.5,Call,1.17,1.24,0.3272,0.6047,0.167,-0.0332,0.0271,0.0079,27.79
9/2/2019,AAL,22/2/2019,35.5,Put,0.64,0.7,0.3263,-0.396,0.1688,-0.0309,0.027,-0.0051,27.79
9/2/2019,AAL,22/2/2019,36,Call,0.88,0.95,0.3193,0.5187,0.1771,-0.0333,0.0281,0.0068,27.79
9/2/2019,AAL,22/2/2019,36,Put,0.85,0.92,0.3204,-0.4827,0.1782,-0.0312,0.0281,-0.006,27.79
9/2/2019,AAL,22/2/2019,36.5,Call,0.65,0.69,0.312,0.4289,0.1785,-0.0319,0.0277,0.0057,27.79
9/2/2019,AAL,22/2/2019,36.5,Put,1.12,1.18,0.3164,-0.5718,0.1779,-0.0301,0.0275,-0.0069,27.79
9/2/2019,AAL,22/2/2019,37.5,Call,0.31,0.35,0.3046,0.2616,0.1516,-0.0256,0.0229,0.0035,27.79
9/2/2019,AAL,22/2/2019,37.5,Put,1.79,1.84,0.3114,-0.7369,0.1517,-0.0241,0.0233,-0.0081,27.79
9/2/2019,AAL,22/2/2019,38.5,Call,0.13,0.16,0.3018,0.1378,0.1035,-0.0171,0.0155,0.0018,27.79
9/2/2019,AAL,22/2/2019,38.5,Put,2.6,2.69,0.3195,-0.8527,0.1065,-0.017,0.0166,-0.0082,27.79
9/2/2019,AAL,22/2/2019,39.5,Call,0.05,0.09,0.3151,0.0725,0.0621,-0.0111,0.0097,0.001,27.79
9/2/2019,AAL,22/2/2019,39.5,Put,3.5,3.65,0.3442,-0.914,0.0697,-0.0121,0.0114,-0.0075,27.79
9/2/2019,AAL,22/2/2019,41.5,Call,0,0.04,0.3151,0.012,0.014,-0.0025,0.0022,0.0002,27.79
9/2/2019,AAL,22/2/2019,41.5,Put,5.45,5.6,0.3442,-0.9901,0.0215,-0.0017,0.0022,-0.002,27.79
9/2/2019,AAL,8/3/2019,30.5,Call,5.25,6,0.3959,0.9435,0.0288,-0.01,0.0113,0.0217,27.79
9/2/2019,AAL,8/3/2019,30.5,Put,0.05,0.33,0.4164,-0.0652,0.0306,-0.0093,0.0127,-0.0019,27.79
9/2/2019,AAL,8/3/2019,32.5,Call,3.75,4.1,0.4039,0.8384,0.0608,-0.0194,0.0244,0.0201,27.79
9/2/2019,AAL,8/3/2019,32.5,Put,0.24,0.33,0.3713,-0.1433,0.0614,-0.0147,0.0236,-0.0039,27.79
9/2/2019,AAL,8/3/2019,33.5,Call,2.97,3.15,0.3718,0.7792,0.08,-0.0214,0.0296,0.0192,27.79
9/2/2019,AAL,8/3/2019,33.5,Put,0.44,0.52,0.3665,-0.2182,0.0812,-0.0188,0.0301,-0.0058,27.79
9/2/2019,AAL,8/3/2019,34.5,Call,2.24,2.45,0.3669,0.6876,0.0968,-0.0247,0.0353,0.0172,27.79
9/2/2019,AAL,8/3/2019,34.5,Put,0.69,0.9,0.371,-0.3148,0.0967,-0.0228,0.0349,-0.0083,27.79
9/2/2019,AAL,8/3/2019,35.5,Call,1.59,1.79,0.3516,0.5841,0.1113,-0.0258,0.0389,0.0148,27.79
9/2/2019,AAL,8/3/2019,35.5,Put,1.04,1.28,0.3604,-0.4185,0.1097,-0.0242,0.0389,-0.0108,27.79
9/2/2019,AAL,8/3/2019,36,Call,1.32,1.52,0.3486,0.5273,0.1145,-0.0259,0.0397,0.0135,27.79
9/2/2019,AAL,8/3/2019,36,Put,1.26,1.46,0.3501,-0.4746,0.1154,-0.0238,0.0397,-0.012,27.79
9/2/2019,AAL,8/3/2019,36.5,Call,1.06,1.17,0.3296,0.4665,0.121,-0.0244,0.0396,0.012,27.79
9/2/2019,AAL,8/3/2019,36.5,Put,1.52,1.59,0.3307,-0.5359,0.1221,-0.0222,0.0396,-0.0132,27.79
9/2/2019,AAL,8/3/2019,37.5,Call,0.67,0.86,0.3357,0.3551,0.1112,-0.0231,0.0371,0.0092,27.79
9/2/2019,AAL,8/3/2019,37.5,Put,2.13,2.35,0.3461,-0.6432,0.11,-0.0216,0.0368,-0.0152,27.79
9/2/2019,AAL,8/3/2019,38.5,Call,0.4,0.6,0.338,0.2579,0.0959,-0.0201,0.0322,0.0067,27.79
9/2/2019,AAL,8/3/2019,38.5,Put,2.85,3.05,0.3419,-0.7445,0.0971,-0.0181,0.0326,-0.0163,27.79
9/2/2019,AAL,8/3/2019,39.5,Call,0.21,0.5,0.3375,0.1774,0.0773,-0.0161,0.0259,0.0047,27.79
9/2/2019,AAL,8/3/2019,39.5,Put,3.6,3.9,0.3375,-0.8296,0.0792,-0.0137,0.0262,-0.0163,27.79
9/2/2019,AAL,8/3/2019,41.5,Call,0.05,0.12,0.3182,0.0609,0.038,-0.007,0.012,0.0016,27.79
9/2/2019,AAL,8/3/2019,41.5,Put,5.3,5.9,0.3443,-0.9329,0.0443,-0.0066,0.0137,-0.0128,27.79
9/2/2019,AAL,29/3/2019,30.5,Call,5.75,6.05,0.3986,0.8912,0.0355,-0.0119,0.0246,0.0351,27.79
9/2/2019,AAL,29/3/2019,30.5,Put,0.26,0.66,0.3986,-0.1088,0.0357,-0.0098,0.0242,-0.0052,27.79
9/2/2019,AAL,29/3/2019,32.5,Call,4.1,4.35,0.38,0.7966,0.0564,-0.0162,0.0373,0.0328,27.79
9/2/2019,AAL,29/3/2019,32.5,Put,0.5,0.98,0.4128,-0.2197,0.0547,-0.0159,0.0397,-0.0105,27.79
9/2/2019,AAL,29/3/2019,33.5,Call,3.35,3.55,0.3665,0.7355,0.0677,-0.0178,0.0431,0.0309,27.79
9/2/2019,AAL,29/3/2019,33.5,Put,0.71,1.01,0.3718,-0.2679,0.0677,-0.0159,0.043,-0.0126,27.79
9/2/2019,AAL,29/3/2019,34.5,Call,2.7,2.91,0.367,0.6591,0.0758,-0.0196,0.0484,0.0281,27.79
9/2/2019,AAL,29/3/2019,34.5,Put,1.1,1.36,0.3753,-0.3447,0.0752,-0.0178,0.0481,-0.0159,27.79
9/2/2019,AAL,29/3/2019,35.5,Call,2.07,2.32,0.3583,0.5788,0.0828,-0.0202,0.0516,0.025,27.79
9/2/2019,AAL,29/3/2019,35.5,Put,1.52,1.59,0.3537,-0.4233,0.085,-0.0177,0.0514,-0.0191,27.79
9/2/2019,AAL,29/3/2019,36,Call,1.8,2.1,0.3596,0.5368,0.0838,-0.0205,0.0524,0.0233,27.79
9/2/2019,AAL,29/3/2019,36,Put,1.71,1.96,0.36,-0.466,0.085,-0.0182,0.0523,-0.0208,27.79
9/2/2019,AAL,29/3/2019,36.5,Call,1.51,1.85,0.3522,0.4939,0.0859,-0.0201,0.0526,0.0216,27.79
9/2/2019,AAL,29/3/2019,36.5,Put,1.95,2.26,0.3601,-0.5082,0.0853,-0.0182,0.0523,-0.0224,27.79
9/2/2019,AAL,29/3/2019,37.5,Call,1.12,1.4,0.3483,0.4095,0.0846,-0.0192,0.0512,0.0181,27.79
9/2/2019,AAL,29/3/2019,37.5,Put,2.54,2.76,0.3494,-0.5947,0.0859,-0.0169,0.0506,-0.0252,27.79
9/2/2019,AAL,29/3/2019,38.5,Call,0.79,1.05,0.3445,0.3295,0.0797,-0.0176,0.0477,0.0147,27.79
9/2/2019,AAL,29/3/2019,38.5,Put,3.2,3.4,0.3432,-0.6774,0.0817,-0.0151,0.0469,-0.0272,27.79
9/2/2019,AAL,29/3/2019,39.5,Call,0.51,0.7,0.3294,0.2483,0.0729,-0.0146,0.0417,0.0112,27.79
9/2/2019,AAL,29/3/2019,39.5,Put,3.85,4.15,0.3305,-0.7591,0.0749,-0.0123,0.0415,-0.0281,27.79
9/2/2019,AAL,29/3/2019,41.5,Call,0.21,0.41,0.3366,0.1438,0.0511,-0.0106,0.0299,0.0065,27.79
9/2/2019,AAL,29/3/2019,41.5,Put,5.55,5.95,0.3506,-0.8564,0.0537,-0.0091,0.0312,-0.027,27.79
9/2/2019,AAP,15/2/2019,140,Call,22.1,23.3,0.4488,0.9924,0.0021,-0.0247,0.0047,0.0266,155.69
9/2/2019,AAP,15/2/2019,140,Put,0.05,0.15,0.4488,-0.0076,0.0021,-0.015,0.0047,-0.0002,155.69
9/2/2019,AAP,15/2/2019,145,Call,17.1,17.8,0.4488,0.9689,0.007,-0.0604,0.0158,0.0268,155.69
9/2/2019,AAP,15/2/2019,145,Put,0.1,0.15,0.4488,-0.0311,0.007,-0.0503,0.0158,-0.001,155.69
9/2/2019,AAP,15/2/2019,150,Call,12.2,13,0.3309,0.9616,0.0112,-0.0544,0.0188,0.0275,155.69
9/2/2019,AAP,15/2/2019,150,Put,0.15,0.25,0.3688,-0.0556,0.0135,-0.0659,0.0252,-0.0018,155.69
9/2/2019,AAP,15/2/2019,155,Call,7.8,8.2,0.3197,0.8618,0.0307,-0.1226,0.0496,0.0253,155.69
9/2/2019,AAP,15/2/2019,155,Put,0.5,0.65,0.3316,-0.1464,0.0309,-0.1211,0.0522,-0.0044,155.69
9/2/2019,AAP,15/2/2019,160,Call,3.9,4.2,0.2945,0.6551,0.0557,-0.1815,0.0828,0.0196,155.69
9/2/2019,AAP,15/2/2019,160,Put,1.45,1.7,0.2955,-0.3459,0.0558,-0.1721,0.0834,-0.01,155.69
9/2/2019,AAP,15/2/2019,165,Call,1.25,1.6,0.2745,0.3503,0.06,-0.1674,0.0833,0.0106,155.69
9/2/2019,AAP,15/2/2019,165,Put,3.8,4.1,0.2752,-0.6513,0.0605,-0.1579,0.082,-0.017,155.69
9/2/2019,AAP,15/2/2019,170,Call,0.2,0.35,0.2542,0.1026,0.0313,-0.0742,0.0402,0.0031,155.69
9/2/2019,AAP,15/2/2019,170,Put,7.6,8.1,0.265,-0.8922,0.0326,-0.0721,0.0415,-0.0176,155.69
9/2/2019,AAP,15/2/2019,175,Call,0,0.15,0.2542,0.0183,0.0078,-0.0185,0.0101,0.0006,155.69
9/2/2019,AAP,15/2/2019,175,Put,12.1,13,0.265,-0.9852,0.0096,-0.0122,0.0093,-0.0069,155.69
9/2/2019,AAP,15/2/2019,180,Call,0,0.1,0.2542,0.0019,0.0011,-0.0025,0.0014,0.0001,155.69
9/2/2019,AAP,15/2/2019,180,Put,17.3,18.1,0.265,-1,0,0,0,0,155.69
9/2/2019,AAP,15/2/2019,185,Call,0,0.1,0.2542,0.0001,0.0001,-0.0002,0.0001,0,155.69
9/2/2019,AAP,15/2/2019,185,Put,22.3,23.1,0.265,-1,0,0,0,0,155.69
9/2/2019,AAP,15/3/2019,140,Call,24.5,25.1,0.5015,0.8532,0.0091,-0.0909,0.1155,0.1089,155.69
9/2/2019,AAP,15/3/2019,140,Put,1.95,2.3,0.5077,-0.1494,0.0092,-0.0834,0.1163,-0.0234,155.69
9/2/2019,AAP,15/3/2019,145,Call,20.4,21.1,0.491,0.7991,0.0114,-0.1068,0.1411,0.1044,155.69
9/2/2019,AAP,15/3/2019,145,Put,2.8,3.1,0.4878,-0.1999,0.0115,-0.0962,0.1408,-0.0311,155.69
9/2/2019,AAP,15/3/2019,150,Call,16.6,17.1,0.4713,0.7372,0.0138,-0.1177,0.1639,0.0985,155.69
9/2/2019,AAP,15/3/2019,150,Put,4,4.2,0.472,-0.2636,0.0139,-0.1082,0.1637,-0.0406,155.69
9/2/2019,AAP,15/3/2019,155,Call,13.1,13.6,0.4562,0.6623,0.0159,-0.1265,0.1837,0.0902,155.69
9/2/2019,AAP,15/3/2019,155,Put,5.5,5.7,0.4573,-0.3389,0.016,-0.1169,0.1828,-0.0515,155.69
9/2/2019,AAP,15/3/2019,160,Call,10.1,10.5,0.4445,0.5774,0.0175,-0.131,0.1967,0.0799,155.69
9/2/2019,AAP,15/3/2019,160,Put,7.5,7.7,0.4485,-0.4242,0.0175,-0.1222,0.196,-0.0633,155.69
9/2/2019,AAP,15/3/2019,165,Call,7.5,8,0.4363,0.4874,0.0182,-0.1301,0.2004,0.0684,155.69
9/2/2019,AAP,15/3/2019,165,Put,9.8,10.3,0.4402,-0.5141,0.0182,-0.1211,0.1996,-0.0747,155.69
9/2/2019,AAP,15/3/2019,170,Call,5.4,5.9,0.4285,0.3976,0.0179,-0.123,0.1938,0.0564,155.69
9/2/2019,AAP,15/3/2019,170,Put,12.8,13.2,0.435,-0.603,0.0179,-0.1145,0.1931,-0.085,155.69
9/2/2019,AAP,15/3/2019,175,Call,3.7,4.1,0.4166,0.3101,0.0169,-0.1089,0.1773,0.0445,155.69
9/2/2019,AAP,15/3/2019,175,Put,16,16.6,0.4263,-0.6888,0.0168,-0.1016,0.1791,-0.0927,155.69
9/2/2019,AAP,15/3/2019,180,Call,2.5,2.95,0.4154,0.2368,0.0148,-0.0947,0.1551,0.0342,155.69
9/2/2019,AAP,15/3/2019,180,Put,19.6,20.4,0.4183,-0.7668,0.015,-0.0848,0.1586,-0.0964,155.69
9/2/2019,AAP,15/3/2019,185,Call,1.6,2,0.4098,0.1725,0.0124,-0.0771,0.1284,0.0251,155.69
9/2/2019,AAP,15/3/2019,185,Put,23.9,24.5,0.422,-0.8261,0.0127,-0.0705,0.1344,-0.0964,155.69
9/2/2019,AAPL,22/2/2019,145,Call,25.3,26.05,0.4236,0.9773,0.0038,-0.0371,0.018,0.054,54.69
9/2/2019,AAPL,22/2/2019,145,Put,0.06,0.08,0.3886,-0.0149,0.0029,-0.0172,0.0125,-0.001,54.69
9/2/2019,AAPL,22/2/2019,152.5,Call,17.9,18.55,0.3267,0.9627,0.0075,-0.0419,0.0271,0.0559,54.69
9/2/2019,AAPL,22/2/2019,152.5,Put,0.12,0.16,0.3166,-0.033,0.007,-0.0274,0.0246,-0.0022,54.69
9/2/2019,AAPL,22/2/2019,157.5,Call,13.3,13.55,0.295,0.9208,0.015,-0.0619,0.0492,0.055,54.69
9/2/2019,AAPL,22/2/2019,157.5,Put,0.26,0.29,0.2763,-0.0664,0.014,-0.0417,0.0434,-0.0042,54.69
9/2/2019,AAPL,22/2/2019,162.5,Call,8.75,8.9,0.2582,0.8376,0.0285,-0.085,0.082,0.0513,54.69
9/2/2019,AAPL,22/2/2019,162.5,Put,0.64,0.67,0.2455,-0.1507,0.0287,-0.067,0.0811,-0.0093,54.69
9/2/2019,AAPL,22/2/2019,167.5,Call,4.8,4.95,0.235,0.6623,0.0466,-0.1099,0.1219,0.0414,54.69
9/2/2019,AAPL,22/2/2019,167.5,Put,1.68,1.73,0.2265,-0.3337,0.0485,-0.095,0.1232,-0.0199,54.69
9/2/2019,AAPL,22/2/2019,170,Call,3.25,3.35,0.2261,0.5393,0.0526,-0.1132,0.1324,0.034,54.69
9/2/2019,AAPL,22/2/2019,170,Put,2.6,2.69,0.2191,-0.4621,0.0549,-0.0992,0.1326,-0.0266,54.69
9/2/2019,AAPL,22/2/2019,175,Call,1.22,1.26,0.2178,0.2812,0.0464,-0.0909,0.1125,0.0179,54.69
9/2/2019,AAPL,22/2/2019,175,Put,5.5,5.7,0.2099,-0.7317,0.0484,-0.0757,0.1097,-0.0364,54.69
9/2/2019,AAPL,22/2/2019,177.5,Call,0.68,0.71,0.2172,0.1803,0.0362,-0.0701,0.0876,0.0115,54.69
9/2/2019,AAPL,22/2/2019,177.5,Put,7.45,7.65,0.205,-0.8422,0.0374,-0.052,0.0828,-0.0356,54.69
9/2/2019,AAPL,22/2/2019,182.5,Call,0.2,0.23,0.2261,0.0662,0.0171,-0.0354,0.0429,0.0042,54.69
9/2/2019,AAPL,22/2/2019,182.5,Put,11.95,12.5,0.2321,-0.9388,0.0185,-0.0275,0.0437,-0.0275,54.69
9/2/2019,AAPL,22/2/2019,187.5,Call,0.08,0.11,0.2529,0.0296,0.008,-0.0207,0.0225,0.0019,54.69
9/2/2019,AAPL,22/2/2019,187.5,Put,16.95,17.45,0.2926,-0.9563,0.0115,-0.0265,0.0319,-0.0258,54.69
9/2/2019,AAPL,22/2/2019,195,Call,0.02,0.05,0.2818,0.0082,0.0024,-0.0077,0.0075,0.0005,54.69
9/2/2019,AAPL,22/2/2019,195,Put,24.35,24.95,0.334,-0.9875,0.0051,-0.0093,0.0114,-0.0116,54.69
9/2/2019,AAPL,8/3/2019,145,Call,25.9,26.15,0.3602,0.9543,0.0056,-0.0387,0.0453,0.1047,54.69
9/2/2019,AAPL,8/3/2019,145,Put,0.18,0.22,0.3269,-0.0321,0.0047,-0.0194,0.034,-0.0043,54.69
9/2/2019,AAPL,8/3/2019,152.5,Call,18.6,18.9,0.301,0.9188,0.0106,-0.0478,0.0709,0.1057,54.69
9/2/2019,AAPL,8/3/2019,152.5,Put,0.4,0.45,0.2836,-0.0697,0.01,-0.0311,0.0631,-0.0094,54.69
9/2/2019,AAPL,8/3/2019,157.5,Call,14,14.25,0.2734,0.8653,0.0168,-0.0593,0.1023,0.1022,54.69
9/2/2019,AAPL,8/3/2019,157.5,Put,0.75,0.81,0.2604,-0.1239,0.0167,-0.0436,0.1011,-0.0155,54.69
9/2/2019,AAPL,8/3/2019,162.5,Call,9.75,9.95,0.2514,0.7721,0.0255,-0.0725,0.1426,0.0933,54.69
9/2/2019,AAPL,8/3/2019,162.5,Put,1.5,1.57,0.2448,-0.2231,0.026,-0.0593,0.1459,-0.0273,54.69
9/2/2019,AAPL,8/3/2019,167.5,Call,6.15,6.35,0.2384,0.6268,0.0336,-0.0831,0.1787,0.0771,54.69
9/2/2019,AAPL,8/3/2019,167.5,Put,2.88,2.96,0.2322,-0.3727,0.0349,-0.0702,0.1795,-0.044,54.69
9/2/2019,AAPL,8/3/2019,170,Call,4.7,4.85,0.234,0.5397,0.036,-0.0844,0.1873,0.0669,54.69
9/2/2019,AAPL,8/3/2019,170,Put,3.85,4,0.2269,-0.4629,0.0376,-0.0712,0.1874,-0.0532,54.69
9/2/2019,AAPL,8/3/2019,175,Call,2.45,2.52,0.2245,0.3575,0.0352,-0.0747,0.1761,0.0448,54.69
9/2/2019,AAPL,8/3/2019,175,Put,6.6,6.7,0.217,-0.654,0.0371,-0.0612,0.1734,-0.0679,54.69
9/2/2019,AAPL,8/3/2019,177.5,Call,1.67,1.76,0.2222,0.2743,0.0318,-0.0656,0.1573,0.0345,54.69
9/2/2019,AAPL,8/3/2019,177.5,Put,8.25,8.5,0.2129,-0.7438,0.0336,-0.0511,0.1556,-0.0708,54.69
9/2/2019,AAPL,8/3/2019,182.5,Call,0.73,0.77,0.2203,0.1444,0.0219,-0.0439,0.1072,0.0183,54.69
9/2/2019,AAPL,8/3/2019,182.5,Put,12.3,12.6,0.2055,-0.8878,0.0227,-0.0267,0.0942,-0.0606,54.69
9/2/2019,AAPL,8/3/2019,187.5,Call,0.32,0.36,0.2275,0.0729,0.0129,-0.0274,0.0653,0.0093,54.69
9/2/2019,AAPL,8/3/2019,187.5,Put,17,17.25,0.2015,-0.9726,0.0123,-0.0071,0.0337,-0.024,54.69
9/2/2019,AAPL,8/3/2019,195,Call,0.11,0.14,0.2476,0.0285,0.0056,-0.0139,0.0308,0.0036,54.69
9/2/2019,AAPL,8/3/2019,195,Put,24.35,24.65,0.2476,-0.9922,0.006,-0.0028,0.013,-0.0053,54.69
9/2/2019,AAPL,29/3/2019,145,Call,26.35,26.7,0.3136,0.9324,0.0067,-0.0356,0.0816,0.1775,54.69
9/2/2019,AAPL,29/3/2019,145,Put,0.43,0.47,0.2927,-0.0556,0.0061,-0.0202,0.07,-0.0133,54.69
9/2/2019,AAPL,29/3/2019,152.5,Call,19.4,19.65,0.2791,0.8793,0.0115,-0.045,0.1253,0.1748,54.69
9/2/2019,AAPL,29/3/2019,152.5,Put,0.93,0.98,0.2684,-0.1125,0.0115,-0.0314,0.1225,-0.0248,54.69
9/2/2019,AAPL,29/3/2019,157.5,Call,15.05,15.35,0.2644,0.8155,0.0162,-0.0538,0.1663,0.166,54.69
9/2/2019,AAPL,29/3/2019,157.5,Put,1.56,1.63,0.2549,-0.1775,0.0165,-0.0403,0.1617,-0.0386,54.69
9/2/2019,AAPL,29/3/2019,162.5,Call,11.15,11.4,0.2525,0.7251,0.0212,-0.0617,0.2082,0.1506,54.69
9/2/2019,AAPL,29/3/2019,162.5,Put,2.61,2.7,0.2447,-0.2713,0.0219,-0.0487,0.205,-0.0577,54.69
9/2/2019,AAPL,29/3/2019,167.5,Call,7.75,8,0.2422,0.6095,0.0254,-0.0661,0.2395,0.1287,54.69
9/2/2019,AAPL,29/3/2019,167.5,Put,4.2,4.35,0.2366,-0.3921,0.0264,-0.0538,0.2418,-0.0802,54.69
9/2/2019,AAPL,29/3/2019,170,Call,6.3,6.5,0.2371,0.5444,0.0268,-0.0661,0.2474,0.1158,54.69
9/2/2019,AAPL,29/3/2019,170,Put,5.2,5.4,0.2314,-0.4599,0.028,-0.0537,0.2474,-0.092,54.69
9/2/2019,AAPL,29/3/2019,175,Call,3.95,4.1,0.2303,0.4085,0.027,-0.0617,0.2424,0.0879,54.69
9/2/2019,AAPL,29/3/2019,175,Put,7.8,8,0.2229,-0.6033,0.0286,-0.0487,0.2383,-0.1116,54.69
9/2/2019,AAPL,29/3/2019,177.5,Call,3,3.15,0.2263,0.3416,0.026,-0.0569,0.2291,0.0739,54.69
9/2/2019,AAPL,29/3/2019,177.5,Put,9.4,9.6,0.2203,-0.6733,0.0275,-0.0442,0.228,-0.1175,54.69
9/2/2019,AAPL,29/3/2019,182.5,Call,1.68,1.78,0.2226,0.2244,0.0216,-0.0451,0.1869,0.049,54.69
9/2/2019,AAPL,29/3/2019,182.5,Put,13.05,13.3,0.2136,-0.8012,0.0231,-0.0311,0.1769,-0.1168,54.69
9/2/2019,AAPL,29/3/2019,187.5,Call,0.88,0.96,0.2211,0.1364,0.0158,-0.0324,0.1364,0.0299,54.69
9/2/2019,AAPL,29/3/2019,187.5,Put,17.3,17.6,0.2091,-0.8999,0.017,-0.0174,0.1105,-0.0922,54.69
9/2/2019,AAPL,29/3/2019,195,Call,0.34,0.39,0.2265,0.0616,0.0086,-0.0183,0.0759,0.0136,54.69
9/2/2019,AAPL,29/3/2019,195,Put,24.4,24.7,0.2265,-0.966,0.0101,-0.007,0.0506,-0.0445,54.69
9/2/2019,ABBV,22/2/2019,70,Call,9.35,10.1,0.3255,0.9811,0.0091,-0.0131,0.0072,0.0262,68.72393701
9/2/2019,ABBV,22/2/2019,70,Put,0.03,0.07,0.3178,-0.0167,0.0084,-0.0073,0.0065,-0.0005,68.72393701
9/2/2019,ABBV,22/2/2019,71.5,Call,8.05,8.6,0.3255,0.9595,0.0171,-0.0206,0.0136,0.0261,68.72393701
9/2/2019,ABBV,22/2/2019,71.5,Put,0.06,0.09,0.3178,-0.0371,0.0163,-0.0141,0.0126,-0.0012,68.72393701
9/2/2019,ABBV,22/2/2019,74,Call,5.4,6.1,0.1625,0.991,0.0096,-0.0073,0.0038,0.0281,68.72393701
9/2/2019,ABBV,22/2/2019,74,Put,0.14,0.17,0.275,-0.0783,0.0341,-0.022,0.0228,-0.0025,68.72393701
9/2/2019,ABBV,22/2/2019,76.5,Call,3.5,3.7,0.2343,0.8236,0.0709,-0.0382,0.0404,0.0238,68.72393701
9/2/2019,ABBV,22/2/2019,76.5,Put,0.36,0.4,0.24,-0.1821,0.071,-0.0345,0.0418,-0.0053,68.72393701
9/2/2019,ABBV,22/2/2019,78,Call,2.39,2.48,0.226,0.6995,0.0987,-0.0476,0.0543,0.0204,68.72393701
9/2/2019,ABBV,22/2/2019,78,Put,0.66,0.72,0.2257,-0.3012,0.0996,-0.0424,0.0551,-0.0085,68.72393701
9/2/2019,ABBV,22/2/2019,79.5,Call,1.4,1.49,0.2121,0.5381,0.1201,-0.0498,0.0619,0.0159,68.72393701
9/2/2019,ABBV,22/2/2019,79.5,Put,1.18,1.25,0.214,-0.4642,0.1203,-0.0452,0.062,-0.0125,68.72393701
9/2/2019,ABBV,22/2/2019,81.5,Call,0.56,0.63,0.2043,0.3004,0.1092,-0.0412,0.0543,0.0089,68.72393701
9/2/2019,ABBV,22/2/2019,81.5,Put,2.31,2.42,0.2057,-0.7032,0.1106,-0.0366,0.0544,-0.0167,68.72393701
9/2/2019,ABBV,22/2/2019,83,Call,0.24,0.29,0.2027,0.1617,0.0775,-0.0286,0.0382,0.0048,68.72393701
9/2/2019,ABBV,22/2/2019,83,Put,3.45,3.65,0.2069,-0.8409,0.0797,-0.0247,0.0391,-0.0167,68.72393701
9/2/2019,ABBV,22/2/2019,85,Call,0.07,0.09,0.2057,0.059,0.0366,-0.0138,0.0183,0.0018,67.62
9/2/2019,ABBV,22/2/2019,85,Put,5.25,5.55,0.2254,-0.9328,0.0432,-0.0135,0.0209,-0.0133,67.62
9/2/2019,ABBV,22/2/2019,87.5,Call,0,0.04,0.2146,0.0144,0.0109,-0.0044,0.0057,0.0004,67.62
9/2/2019,ABBV,22/2/2019,87.5,Put,7.6,8.35,0.2218,-0.9981,0.0089,0,0.0018,0,67.62
9/2/2019,ABBV,22/2/2019,91.5,Call,0,0.03,0.2146,0.0006,0.0006,-0.0002,0.0003,0,67.62
9/2/2019,ABBV,22/2/2019,91.5,Put,11.6,12.1,0.2218,-1,0,0,0,0,67.62
9/2/2019,ABBV,8/3/2019,70,Call,9,10.55,0.3152,0.9393,0.0173,-0.0195,0.0265,0.0497,67.62
9/2/2019,ABBV,8/3/2019,70,Put,0.15,0.33,0.3152,-0.0607,0.0173,-0.0146,0.0265,-0.0039,67.62
9/2/2019,ABBV,8/3/2019,71.5,Call,7.7,8.9,0.3152,0.9042,0.0245,-0.0256,0.0375,0.0486,67.62
9/2/2019,ABBV,8/3/2019,71.5,Put,0.21,0.46,0.3152,-0.0958,0.0245,-0.0206,0.0371,-0.0057,67.62
9/2/2019,ABBV,8/3/2019,74,Call,5.9,6.4,0.2429,0.8771,0.038,-0.0239,0.0449,0.0489,67.62
9/2/2019,ABBV,8/3/2019,74,Put,0.39,0.54,0.2697,-0.1465,0.0388,-0.0237,0.0526,-0.0086,67.62
9/2/2019,ABBV,8/3/2019,76.5,Call,4.1,4.6,0.2696,0.7282,0.0558,-0.039,0.0732,0.0412,67.62
9/2/2019,ABBV,8/3/2019,76.5,Put,0.8,1.14,0.2606,-0.2668,0.0576,-0.0325,0.0731,-0.0152,67.62
9/2/2019,ABBV,8/3/2019,78,Call,3,3.2,0.237,0.65,0.0708,-0.038,0.0817,0.0373,67.62
9/2/2019,ABBV,8/3/2019,78,Put,1.26,1.45,0.2457,-0.3559,0.0695,-0.0344,0.0819,-0.0199,67.62
9/2/2019,ABBV,8/3/2019,80,Call,1.84,2.04,0.2299,0.4991,0.0786,-0.0388,0.088,0.029,67.62
9/2/2019,ABBV,8/3/2019,80,Put,2.07,2.34,0.2388,-0.5033,0.0769,-0.0352,0.0881,-0.0268,67.62
9/2/2019,ABBV,8/3/2019,81.5,Call,1.17,1.46,0.2297,0.3842,0.0754,-0.0366,0.0843,0.0225,67.62
9/2/2019,ABBV,8/3/2019,81.5,Put,2.9,3.2,0.235,-0.6177,0.0753,-0.0325,0.0841,-0.0311,67.62
9/2/2019,ABBV,8/3/2019,83,Call,0.7,0.81,0.2164,0.2673,0.0689,-0.0295,0.0726,0.0158,67.62
9/2/2019,ABBV,8/3/2019,83,Put,3.85,4.3,0.2332,-0.7232,0.0675,-0.0276,0.0731,-0.0335,67.62
9/2/2019,ABBV,8/3/2019,85,Call,0.31,0.48,0.2203,0.1589,0.0498,-0.0219,0.0534,0.0094,67.62
9/2/2019,ABBV,8/3/2019,85,Put,5.2,6.15,0.2337,-0.8364,0.0517,-0.0195,0.0566,-0.0326,67.62
9/2/2019,ABBV,8/3/2019,87.5,Call,0.11,0.24,0.2206,0.0705,0.0277,-0.0121,0.0298,0.0042,67.62
9/2/2019,ABBV,8/3/2019,87.5,Put,7.5,8.95,0.3092,-0.8567,0.0355,-0.0242,0.0521,-0.0344,67.62
9/2/2019,ABBV,8/3/2019,91.5,Call,0,1.48,0.2244,0.0152,0.0077,-0.0035,0.0084,0.0009,67.62
9/2/2019,ABBV,8/3/2019,91.5,Put,9.85,14,0.317,-0.9465,0.0194,-0.0108,0.0249,-0.0244,67.62
9/2/2019,ABBV,29/3/2019,72,Call,8.15,8.6,0.2533,0.8801,0.0271,-0.0195,0.0583,0.0828,67.62
9/2/2019,ABBV,29/3/2019,72,Put,0.57,0.69,0.2812,-0.143,0.0277,-0.0182,0.068,-0.0147,67.62
9/2/2019,ABBV,29/3/2019,74,Call,6.1,7.1,0.236,0.8258,0.0373,-0.0223,0.075,0.0794,67.62
9/2/2019,ABBV,29/3/2019,74,Put,0.86,1.2,0.2802,-0.2114,0.0357,-0.0231,0.0851,-0.0215,67.62
9/2/2019,ABBV,29/3/2019,76.5,Call,4.75,5,0.2487,0.7019,0.0478,-0.0293,0.1012,0.0684,67.62
9/2/2019,ABBV,29/3/2019,76.5,Put,1.44,1.86,0.2685,-0.3113,0.0456,-0.0267,0.1024,-0.031,67.62
9/2/2019,ABBV,29/3/2019,78,Call,3.65,4.05,0.2411,0.6269,0.0538,-0.0305,0.1105,0.0618,67.62
9/2/2019,ABBV,29/3/2019,78,Put,1.92,2.13,0.2503,-0.3794,0.0528,-0.0265,0.1106,-0.0368,67.62
9/2/2019,ABBV,29/3/2019,79.5,Call,2.83,3.1,0.2358,0.5432,0.0577,-0.0307,0.1157,0.0541,67.62
9/2/2019,ABBV,29/3/2019,79.5,Put,2.4,2.78,0.2402,-0.4614,0.0577,-0.0261,0.1157,-0.0433,67.62
9/2/2019,ABBV,29/3/2019,81.5,Call,1.79,2.09,0.2248,0.4238,0.0597,-0.0285,0.1143,0.0427,67.62
9/2/2019,ABBV,29/3/2019,81.5,Put,3.55,3.85,0.2407,-0.5754,0.0573,-0.0253,0.1144,-0.0513,67.62
9/2/2019,ABBV,29/3/2019,83,Call,1.33,1.53,0.2261,0.3405,0.0556,-0.0265,0.107,0.0345,67.62
9/2/2019,ABBV,29/3/2019,83,Put,4.45,4.8,0.2365,-0.66,0.0552,-0.0228,0.1077,-0.0554,67.62
9/2/2019,ABBV,29/3/2019,85,Call,0.81,0.96,0.2236,0.2398,0.0476,-0.022,0.0906,0.0244,67.62
9/2/2019,ABBV,29/3/2019,85,Put,5.85,6.4,0.2394,-0.7552,0.0479,-0.0192,0.0907,-0.0574,67.62
9/2/2019,ABBV,29/3/2019,86,Call,0.62,0.91,0.2327,0.2079,0.0422,-0.021,0.0836,0.0212,67.62
9/2/2019,ABBV,29/3/2019,86,Put,6.65,7.2,0.2394,-0.7979,0.0438,-0.0168,0.0833,-0.0566,67.62
9/2/2019,ABC,22/2/2019,71.5,Call,10.9,14.4,0.3242,0.9996,0.0004,-0.0054,0.0003,0.0116,68.72393701
9/2/2019,ABC,22/2/2019,71.5,Put,0,0.15,0.3242,-0.0051,0.0028,-0.0028,0.0024,-0.0002,68.72393701
9/2/2019,ABC,22/2/2019,76,Call,8,9.8,0.3242,0.9747,0.0146,-0.0199,0.0086,0.0129,68.72393701
9/2/2019,ABC,22/2/2019,76,Put,0,0.25,0.3242,-0.054,0.0206,-0.0206,0.018,-0.0018,68.72393701
9/2/2019,ABC,22/2/2019,78.5,Call,4.7,7.7,0.3752,0.8627,0.0425,-0.0624,0.0367,0.0158,68.72393701
9/2/2019,ABC,22/2/2019,78.5,Put,0.25,0.4,0.309,-0.1255,0.0407,-0.0367,0.0339,-0.0042,68.72393701
9/2/2019,ABC,22/2/2019,81,Call,3,3.9,0.1886,0.9038,0.0721,-0.0298,0.0253,0.0139,68.72393701
9/2/2019,ABC,22/2/2019,81,Put,0.55,0.8,0.2769,-0.2436,0.0693,-0.0497,0.0516,-0.0074,68.72393701
9/2/2019,ABC,22/2/2019,82.5,Call,2.45,2.7,0.2552,0.6816,0.0981,-0.0654,0.057,0.0151,68.72393701
9/2/2019,ABC,22/2/2019,82.5,Put,0.95,1.2,0.2639,-0.3557,0.0866,-0.056,0.0608,-0.0105,68.72393701
9/2/2019,ABC,22/2/2019,85,Call,1,1.25,0.2369,0.4184,0.1073,-0.0605,0.064,0.0115,68.72393701
9/2/2019,ABC,22/2/2019,85,Put,2,2.35,0.2446,-0.5918,0.0979,-0.0529,0.0641,-0.0163,68.72393701
9/2/2019,ABC,22/2/2019,86,Call,0.65,0.85,0.2327,0.3151,0.0969,-0.0524,0.0578,0.0091,68.72393701
9/2/2019,ABC,22/2/2019,86,Put,2.65,2.95,0.2395,-0.6883,0.0915,-0.0464,0.0574,-0.018,68.72393701
9/2/2019,ABC,22/2/2019,87.5,Call,0.3,0.45,0.2283,0.1868,0.0728,-0.0377,0.0442,0.0057,68.72393701
9/2/2019,ABC,22/2/2019,87.5,Put,3.7,4.1,0.2292,-0.8186,0.0723,-0.0315,0.0436,-0.0192,68.72393701
9/2/2019,ABC,22/2/2019,90,Call,0,0.15,0.245,0.0784,0.0364,-0.0215,0.024,0.0025,68.72393701
9/2/2019,ABC,22/2/2019,90,Put,4.6,7.1,0.2507,-0.9226,0.0371,-0.0167,0.0247,-0.0188,68.72393701
9/2/2019,ABC,22/2/2019,92.5,Call,0,0.15,0.2881,0.0462,0.0205,-0.0166,0.0159,0.0015,68.72393701
9/2/2019,ABC,22/2/2019,92.5,Put,6.5,10.8,0.2909,-0.9573,0.0203,-0.0104,0.0163,-0.0183,68.72393701
9/2/2019,ABC,22/2/2019,95,Call,0,0.15,0.3311,0.0309,0.0128,-0.0137,0.0115,0.001,68.72393701
9/2/2019,ABC,22/2/2019,95,Put,10.8,11.4,0.3311,-0.9734,0.0122,-0.0064,0.0112,-0.0181,68.72393701
9/2/2019,ABC,8/3/2019,71.5,Call,10.5,15.1,0.3128,0.9936,0.0043,-0.009,0.004,0.0132,68.72393701
9/2/2019,ABC,8/3/2019,71.5,Put,0.1,0.3,0.3237,-0.032,0.0095,-0.0094,0.0167,-0.0021,68.72393701
9/2/2019,ABC,8/3/2019,76,Call,6.5,10.4,0.2802,0.9411,0.0264,-0.0249,0.0262,0.0236,68.72393701
9/2/2019,ABC,8/3/2019,76,Put,0.35,0.55,0.3203,-0.1183,0.0267,-0.0257,0.048,-0.0074,68.72393701
9/2/2019,ABC,8/3/2019,78.5,Call,4.9,7.4,0.261,0.8613,0.047,-0.0355,0.0523,0.0349,68.72393701
9/2/2019,ABC,8/3/2019,78.5,Put,0.65,0.9,0.3,-0.1932,0.0396,-0.0332,0.0661,-0.0119,68.72393701
9/2/2019,ABC,8/3/2019,81,Call,4.1,4.6,0.2763,0.7057,0.0575,-0.0462,0.0798,0.0384,68.72393701
9/2/2019,ABC,8/3/2019,81,Put,1.1,1.55,0.282,-0.3041,0.0538,-0.0394,0.0814,-0.0183,68.72393701
9/2/2019,ABC,8/3/2019,82.5,Call,3.1,3.5,0.2646,0.6179,0.0639,-0.0466,0.088,0.0362,68.72393701
9/2/2019,ABC,8/3/2019,82.5,Put,1.55,1.95,0.2665,-0.3867,0.0624,-0.0404,0.0886,-0.0227,68.72393701
9/2/2019,ABC,8/3/2019,84.5,Call,1.95,2.35,0.2536,0.4855,0.0683,-0.0451,0.0931,0.0296,68.72393701
9/2/2019,ABC,8/3/2019,84.5,Put,2.35,2.85,0.255,-0.5178,0.0684,-0.0396,0.0929,-0.029,68.72393701
9/2/2019,ABC,8/3/2019,85.5,Call,1.5,2.05,0.2586,0.4211,0.0654,-0.0445,0.0913,0.0259,68.72393701
9/2/2019,ABC,8/3/2019,85.5,Put,2.9,3.3,0.2461,-0.5885,0.0694,-0.0369,0.091,-0.0319,68.72393701
9/2/2019,ABC,8/3/2019,87.5,Call,0.75,1,0.2292,0.2749,0.0628,-0.0334,0.078,0.0172,68.72393701
9/2/2019,ABC,8/3/2019,87.5,Put,4,5.9,0.3071,-0.6699,0.0519,-0.0429,0.0858,-0.0357,68.72393701
9/2/2019,ABC,8/3/2019,90,Call,0.3,0.45,0.2248,0.1439,0.0434,-0.022,0.0527,0.009,68.72393701
9/2/2019,ABC,8/3/2019,90,Put,5.5,6.7,0.1582,-0.9567,0.0322,-0.0017,0.0233,-0.0224,68.72393701
9/2/2019,ABC,8/3/2019,92.5,Call,0,0.3,0.2248,0.0664,0.0247,-0.0124,0.03,0.0042,68.72393701
9/2/2019,ABC,8/3/2019,92.5,Put,6.5,10.8,0.1582,-0.9954,0.0055,0,0.004,-0.0161,68.72393701
9/2/2019,ABC,8/3/2019,95,Call,0,0.5,0.2248,0.0267,0.0118,-0.0059,0.0143,0.0017,68.72393701
9/2/2019,ABC,8/3/2019,95,Put,9.3,12.5,0.1582,-0.9999,0.0002,0,0.0002,-0.0155,68.72393701
9/2/2019,ABC,29/3/2019,79.5,Call,6,6.4,0.2809,0.7293,0.0385,-0.0333,0.1005,0.074,68.72393701
9/2/2019,ABC,29/3/2019,79.5,Put,1.35,1.7,0.2814,-0.2726,0.0388,-0.0279,0.1009,-0.0289,68.72393701
9/2/2019,ABC,29/3/2019,81,Call,4.8,5.3,0.2663,0.6725,0.0443,-0.034,0.1116,0.0692,68.72393701
9/2/2019,ABC,29/3/2019,81,Put,1.75,2.1,0.2714,-0.3322,0.044,-0.0291,0.1118,-0.0347,68.72393701
9/2/2019,ABC,29/3/2019,82.5,Call,3.9,4.3,0.2619,0.603,0.0481,-0.0351,0.1192,0.0627,68.72393701
9/2/2019,ABC,29/3/2019,82.5,Put,2.25,2.6,0.2626,-0.4003,0.0486,-0.0297,0.1192,-0.0408,68.72393701
9/2/2019,ABC,29/3/2019,84.5,Call,2.75,3.1,0.2499,0.5029,0.0522,-0.0342,0.1229,0.053,68.72393701
9/2/2019,ABC,29/3/2019,84.5,Put,3.1,3.5,0.2545,-0.5011,0.052,-0.0293,0.1227,-0.0492,68.72393701
9/2/2019,ABC,29/3/2019,86,Call,2.05,2.35,0.2429,0.4234,0.0527,-0.0323,0.1213,0.045,68.72393701
9/2/2019,ABC,29/3/2019,86,Put,3.8,4.3,0.2452,-0.5818,0.0533,-0.0271,0.1206,-0.0546,68.72393701
9/2/2019,ABC,29/3/2019,87.5,Call,1.45,1.9,0.243,0.3492,0.0497,-0.0303,0.1149,0.0374,68.72393701
9/2/2019,ABC,29/3/2019,87.5,Put,4.8,5.4,0.2517,-0.6523,0.0495,-0.026,0.1136,-0.0587,68.72393701
9/2/2019,ABC,29/3/2019,90,Call,0.65,1.1,0.2279,0.2246,0.0429,-0.0228,0.0912,0.0244,68.72393701
9/2/2019,ABC,29/3/2019,90,Put,6.4,7.1,0.2309,-0.785,0.0446,-0.0177,0.0889,-0.0595,68.72393701
9/2/2019,ABC,29/3/2019,92.5,Call,0.35,0.5,0.2199,0.13,0.0313,-0.0153,0.065,0.0141,68.72393701
9/2/2019,ABC,29/3/2019,92.5,Put,7.7,10.6,0.2702,-0.829,0.0336,-0.018,0.0801,-0.0603,68.72393701
9/2/2019,ABC,29/3/2019,93.5,Call,0.25,0.4,0.2201,0.1041,0.0267,-0.0131,0.0555,0.0113,68.72393701
9/2/2019,ABC,29/3/2019,93.5,Put,8.3,11.6,0.2606,-0.8685,0.0304,-0.014,0.0661,-0.0559,68.72393701
9/2/2019,ABMD,15/2/2019,290,Call,49.1,52.8,0.5091,0.9906,0.001,-0.0634,0.0119,0.0549,68.72393701
9/2/2019,ABMD,15/2/2019,290,Put,0.1,0.65,0.5091,-0.0094,0.001,-0.0431,0.0119,-0.0006,68.72393701
9/2/2019,ABMD,15/2/2019,310,Call,29.5,33.2,0.5091,0.9198,0.0062,-0.2758,0.0704,0.0539,68.72393701
9/2/2019,ABMD,15/2/2019,310,Put,0.65,1.15,0.5091,-0.0802,0.0062,-0.2541,0.0704,-0.0054,68.72393701
9/2/2019,ABMD,15/2/2019,320,Call,20.1,23.6,0.3223,0.9295,0.0089,-0.1676,0.0638,0.0566,68.72393701
9/2/2019,ABMD,15/2/2019,320,Put,1.1,2.05,0.4481,-0.1413,0.0106,-0.3366,0.1042,-0.009,68.72393701
9/2/2019,ABMD,15/2/2019,330,Call,13.1,15.2,0.3808,0.7484,0.0177,-0.4269,0.1506,0.0462,68.72393701
9/2/2019,ABMD,15/2/2019,330,Put,2.4,4,0.4082,-0.2649,0.0171,-0.4473,0.1585,-0.0165,68.72393701
9/2/2019,ABMD,15/2/2019,340,Call,6.5,7.8,0.3425,0.5434,0.0245,-0.4711,0.1873,0.0341,68.72393701
9/2/2019,ABMD,15/2/2019,340,Put,5.3,7.1,0.3644,-0.4588,0.0232,-0.48,0.1878,-0.0274,68.72393701
9/2/2019,ABMD,15/2/2019,350,Call,2.45,3.3,0.3284,0.2994,0.0224,-0.3921,0.164,0.019,68.72393701
9/2/2019,ABMD,15/2/2019,350,Put,10.6,14,0.3753,-0.6768,0.0205,-0.4428,0.1729,-0.0378,68.72393701
9/2/2019,ABMD,15/2/2019,370,Call,0,0.6,0.3203,0.0364,0.0053,-0.0872,0.0377,0.0023,68.72393701
9/2/2019,ABMD,15/2/2019,370,Put,27.8,31.4,0.3705,-0.9431,0.007,-0.1293,0.0565,-0.034,68.72393701
9/2/2019,ABMD,15/2/2019,380,Call,0.05,0.45,0.3203,0.0083,0.0015,-0.0247,0.0107,0.0005,68.72393701
9/2/2019,ABMD,15/2/2019,380,Put,37.5,41.2,0.3705,-0.9862,0.0028,-0.0356,0.0187,-0.0171,68.72393701
9/2/2019,ABMD,15/2/2019,390,Call,0,0.3,0.3203,0.0014,0.0003,-0.0051,0.0022,0.0001,68.72393701
9/2/2019,ABMD,15/2/2019,390,Put,47.5,51.2,0.3705,-1,0.0001,0,0,0,68.72393701
9/2/2019,ABMD,15/3/2019,290,Call,51.7,55.2,0.3925,0.9222,0.0035,-0.1047,0.1538,0.2501,68.72393701
9/2/2019,ABMD,15/3/2019,290,Put,2.05,3.3,0.4575,-0.108,0.0039,-0.126,0.1956,-0.0354,68.72393701
9/2/2019,ABMD,15/3/2019,310,Call,34.3,37.4,0.365,0.8232,0.0067,-0.1603,0.274,0.2346,68.72393701
9/2/2019,ABMD,15/3/2019,310,Put,3.9,5.3,0.3903,-0.191,0.0066,-0.1566,0.2976,-0.061,68.72393701
9/2/2019,ABMD,15/3/2019,320,Call,27.5,29.6,0.37,0.7387,0.0083,-0.1974,0.3434,0.214,68.72393701
9/2/2019,ABMD,15/3/2019,320,Put,6.3,7.6,0.3805,-0.2668,0.0082,-0.1833,0.3463,-0.0845,68.72393701
9/2/2019,ABMD,15/3/2019,330,Call,20.7,22.1,0.3533,0.649,0.0099,-0.2119,0.3915,0.1916,68.72393701
9/2/2019,ABMD,15/3/2019,330,Put,9.2,10.7,0.3669,-0.356,0.0097,-0.1992,0.3985,-0.1101,68.72393701
9/2/2019,ABMD,15/3/2019,340,Call,14.7,16.2,0.3432,0.5437,0.0109,-0.2175,0.4187,0.1628,68.72393701
9/2/2019,ABMD,15/3/2019,340,Put,12.9,15,0.3546,-0.4585,0.0107,-0.2029,0.4189,-0.1384,68.72393701
9/2/2019,ABMD,15/3/2019,350,Call,9.9,11.1,0.3313,0.4314,0.0112,-0.2063,0.415,0.1309,68.72393701
9/2/2019,ABMD,15/3/2019,350,Put,18,20.3,0.3464,-0.5671,0.0109,-0.194,0.4142,-0.1646,68.72393701
9/2/2019,ABMD,15/3/2019,370,Call,3.8,4.6,0.3178,0.2267,0.009,-0.1497,0.318,0.0701,68.72393701
9/2/2019,ABMD,15/3/2019,370,Put,30.8,34.8,0.3345,-0.7668,0.009,-0.14,0.3303,-0.1929,68.72393701
9/2/2019,ABMD,15/3/2019,380,Call,2.1,2.95,0.3159,0.1521,0.0071,-0.1157,0.2485,0.0473,68.72393701
9/2/2019,ABMD,15/3/2019,380,Put,39.2,43,0.3342,-0.8412,0.0073,-0.1073,0.253,-0.1886,68.72393701
9/2/2019,ABMD,15/3/2019,390,Call,1.15,1.8,0.3156,0.0977,0.0052,-0.0845,0.1822,0.0305,68.72393701
9/2/2019,ABMD,15/3/2019,390,Put,48.3,52,0.3424,-0.892,0.0057,-0.0816,0.1981,-0.1745,68.72393701
9/2/2019,ABT,22/2/2019,62.5,Call,10.65,11,0.2751,0.9987,0.0011,-0.005,0.0006,0.0239,68.72393701
9/2/2019,ABT,22/2/2019,62.5,Put,0,0.03,0.2751,-0.0013,0.0011,-0.0006,0.0006,0,68.72393701
9/2/2019,ABT,22/2/2019,66,Call,7.2,7.5,0.2751,0.9773,0.0137,-0.0121,0.0077,0.0246,68.72393701
9/2/2019,ABT,22/2/2019,66,Put,0,0.07,0.2751,-0.0227,0.0137,-0.0075,0.0077,-0.0007,68.72393701
9/2/2019,ABT,22/2/2019,68,Call,5.25,5.55,0.2572,0.9386,0.0329,-0.0204,0.0174,0.0243,68.72393701
9/2/2019,ABT,22/2/2019,68,Put,0.07,0.13,0.2572,-0.0614,0.0329,-0.0157,0.0174,-0.0018,68.72393701
9/2/2019,ABT,22/2/2019,70.5,Call,3,3.2,0.1938,0.8604,0.0798,-0.0263,0.0319,0.023,68.72393701
9/2/2019,ABT,22/2/2019,70.5,Put,0.25,0.31,0.2168,-0.1658,0.0804,-0.027,0.0366,-0.0044,68.72393701
9/2/2019,ABT,22/2/2019,72,Call,1.83,2,0.1891,0.7052,0.1271,-0.0369,0.0495,0.0191,68.72393701
9/2/2019,ABT,22/2/2019,72,Put,0.47,0.61,0.1937,-0.3001,0.126,-0.0333,0.0507,-0.0077,68.72393701
9/2/2019,ABT,22/2/2019,73.5,Call,0.89,0.99,0.1724,0.4909,0.1611,-0.0377,0.0573,0.0134,68.72393701
9/2/2019,ABT,22/2/2019,73.5,Put,1.02,1.16,0.1804,-0.5112,0.1561,-0.0347,0.0573,-0.0123,68.72393701
9/2/2019,ABT,22/2/2019,75,Call,0.31,0.38,0.1614,0.2527,0.1379,-0.0277,0.0459,0.007,68.72393701
9/2/2019,ABT,22/2/2019,75,Put,1.86,2.1,0.1669,-0.7472,0.1388,-0.0245,0.047,-0.0152,68.72393701
9/2/2019,ABT,22/2/2019,76.5,Call,0.07,0.12,0.157,0.0917,0.0731,-0.0137,0.0236,0.0025,68.72393701
9/2/2019,ABT,22/2/2019,76.5,Put,3.15,3.4,0.1802,-0.8868,0.0825,-0.015,0.0291,-0.0137,68.72393701
9/2/2019,ABT,22/2/2019,78.5,Call,0,0.03,0.157,0.015,0.0168,-0.0031,0.0054,0.0004,68.72393701
9/2/2019,ABT,22/2/2019,78.5,Put,5.05,5.4,0.1802,-0.9884,0.0301,-0.0018,0.0056,-0.0025,68.72393701
9/2/2019,ABT,22/2/2019,80,Call,0,0.03,0.157,0.0027,0.0037,-0.0007,0.0012,0.0001,68.72393701
9/2/2019,ABT,22/2/2019,80,Put,6.4,6.95,0.1802,-1,0,0,0,0,68.72393701
9/2/2019,ABT,8/3/2019,63,Call,8.55,11.55,0.2784,0.979,0.0089,-0.0094,0.0102,0.047,68.72393701
9/2/2019,ABT,8/3/2019,63,Put,0,0.41,0.2784,-0.021,0.0089,-0.005,0.0102,-0.0012,68.72393701
9/2/2019,ABT,8/3/2019,66,Call,6.8,7.95,0.2639,0.9338,0.024,-0.0166,0.0261,0.0467,68.72393701
9/2/2019,ABT,8/3/2019,66,Put,0.15,0.56,0.2639,-0.0661,0.024,-0.012,0.0267,-0.0036,68.72393701
9/2/2019,ABT,8/3/2019,68,Call,5.4,5.85,0.2061,0.917,0.0365,-0.0157,0.031,0.0473,68.72393701
9/2/2019,ABT,8/3/2019,68,Put,0.13,0.33,0.2061,-0.0829,0.0367,-0.011,0.0331,-0.0044,68.72393701
9/2/2019,ABT,8/3/2019,70.5,Call,3.4,3.65,0.2053,0.7749,0.072,-0.0261,0.0609,0.0409,68.72393701
9/2/2019,ABT,8/3/2019,70.5,Put,0.55,0.69,0.2148,-0.2356,0.0711,-0.0229,0.063,-0.0123,68.72393701
9/2/2019,ABT,8/3/2019,72,Call,2.28,2.5,0.1926,0.6578,0.0939,-0.0289,0.0746,0.0352,68.72393701
9/2/2019,ABT,8/3/2019,72,Put,0.94,1.26,0.2159,-0.3583,0.0862,-0.0277,0.0765,-0.0182,68.72393701
9/2/2019,ABT,8/3/2019,73.5,Call,1.34,1.56,0.1806,0.5071,0.1088,-0.0286,0.081,0.0274,68.72393701
9/2/2019,ABT,8/3/2019,73.5,Put,1.45,1.74,0.1937,-0.4962,0.1032,-0.0259,0.081,-0.0238,68.72393701
9/2/2019,ABT,8/3/2019,75,Call,0.73,0.88,0.176,0.3455,0.1031,-0.0252,0.0749,0.0188,68.72393701
9/2/2019,ABT,8/3/2019,75,Put,2.32,2.58,0.1895,-0.6499,0.0995,-0.0228,0.0745,-0.0285,68.72393701
9/2/2019,ABT,8/3/2019,76.5,Call,0.32,0.44,0.1696,0.2016,0.0817,-0.0183,0.0571,0.011,68.72393701
9/2/2019,ABT,8/3/2019,76.5,Put,3.4,3.75,0.1936,-0.7767,0.0808,-0.0181,0.0622,-0.0298,68.72393701
9/2/2019,ABT,8/3/2019,78.5,Call,0.07,0.39,0.1706,0.0843,0.0446,-0.01,0.0314,0.0046,68.72393701
9/2/2019,ABT,8/3/2019,78.5,Put,4.65,5.85,0.1928,-0.9039,0.0523,-0.0093,0.0357,-0.024,68.72393701
9/2/2019,ABT,8/3/2019,80,Call,0,0.12,0.1706,0.0378,0.0237,-0.0053,0.0167,0.0021,68.72393701
9/2/2019,ABT,8/3/2019,80,Put,6,7.9,0.1928,-0.9633,0.0337,-0.0038,0.0177,-0.013,68.72393701
9/2/2019,ABT,29/3/2019,66.5,Call,7.15,7.55,0.2217,0.9011,0.0292,-0.0148,0.0468,0.0788,68.72393701
9/2/2019,ABT,29/3/2019,66.5,Put,0.38,0.7,0.2684,-0.1405,0.0312,-0.0158,0.0626,-0.0132,68.72393701
9/2/2019,ABT,29/3/2019,68,Call,5.9,6.2,0.2187,0.8476,0.0401,-0.0181,0.0633,0.0752,68.72393701
9/2/2019,ABT,29/3/2019,68,Put,0.4,0.77,0.2338,-0.168,0.0403,-0.0153,0.0694,-0.0156,68.72393701
9/2/2019,ABT,29/3/2019,70.5,Call,3.8,4.2,0.2018,0.7313,0.0609,-0.0218,0.0886,0.0666,68.72393701
9/2/2019,ABT,29/3/2019,70.5,Put,0.91,1.14,0.2123,-0.2797,0.0597,-0.0183,0.0923,-0.0252,68.72393701
9/2/2019,ABT,29/3/2019,72,Call,2.78,3.15,0.1963,0.6328,0.0715,-0.0234,0.1011,0.0583,68.72393701
9/2/2019,ABT,29/3/2019,72,Put,1.36,1.79,0.2137,-0.379,0.0673,-0.0206,0.1018,-0.0332,68.72393701
9/2/2019,ABT,29/3/2019,73.5,Call,1.92,2.18,0.1874,0.5205,0.0792,-0.0231,0.107,0.0484,68.72393701
9/2/2019,ABT,29/3/2019,73.5,Put,1.93,2.26,0.1977,-0.485,0.0769,-0.0194,0.1069,-0.0404,68.72393701
9/2/2019,ABT,29/3/2019,75,Call,1.25,1.47,0.1836,0.4015,0.0784,-0.0215,0.1039,0.0377,68.72393701
9/2/2019,ABT,29/3/2019,75,Put,2.66,3.05,0.1888,-0.6044,0.079,-0.0174,0.1024,-0.0467,68.72393701
9/2/2019,ABT,29/3/2019,76.5,Call,0.72,0.9,0.1761,0.2844,0.0717,-0.0178,0.0911,0.0269,68.72393701
9/2/2019,ABT,29/3/2019,76.5,Put,3.65,4,0.1827,-0.7217,0.0734,-0.014,0.0889,-0.0495,68.72393701
9/2/2019,ABT,29/3/2019,78.5,Call,0.29,0.41,0.1677,0.1534,0.0526,-0.0117,0.0636,0.0146,68.72393701
9/2/2019,ABT,29/3/2019,78.5,Put,5.3,5.7,0.1935,-0.8283,0.0559,-0.0107,0.0687,-0.0472,68.72393701
9/2/2019,ABT,29/3/2019,80.5,Call,0.09,0.19,0.1677,0.0761,0.0318,-0.007,0.0384,0.0073,68.72393701
9/2/2019,ABT,29/3/2019,80.5,Put,6.75,8,0.1935,-0.917,0.0402,-0.0058,0.0432,-0.0344,68.72393701
9/2/2019,ACN,22/2/2019,132,Call,22.3,25.8,0.3848,0.9872,0.0028,-0.0229,0.0101,0.0498,68.72393701
9/2/2019,ACN,22/2/2019,132,Put,0,0.15,0.3848,-0.0128,0.0028,-0.0137,0.0101,-0.0008,68.72393701
9/2/2019,ACN,22/2/2019,140,Call,14.6,15.9,0.3848,0.9267,0.0119,-0.0672,0.0424,0.0491,68.72393701
9/2/2019,ACN,22/2/2019,140,Put,0,0.15,0.3848,-0.0733,0.0119,-0.0574,0.0424,-0.0045,68.72393701
9/2/2019,ACN,22/2/2019,145,Call,10.7,11.8,0.3071,0.8885,0.0203,-0.0723,0.0578,0.0487,68.72393701
9/2/2019,ACN,22/2/2019,145,Put,0.15,0.2,0.2338,-0.0566,0.016,-0.0283,0.0347,-0.0034,68.72393701
9/2/2019,ACN,22/2/2019,149,Call,6.9,7.2,0.1883,0.8886,0.0331,-0.0481,0.0578,0.0503,68.72393701
9/2/2019,ACN,22/2/2019,149,Put,0.35,0.45,0.2022,-0.1277,0.0341,-0.0448,0.0667,-0.0072,68.72393701
9/2/2019,ACN,22/2/2019,152.5,Call,4,4.2,0.1741,0.737,0.0615,-0.0696,0.0994,0.0424,68.72393701
9/2/2019,ACN,22/2/2019,152.5,Put,0.9,1,0.1825,-0.2731,0.0603,-0.0635,0.102,-0.0149,68.72393701
9/2/2019,ACN,22/2/2019,155,Call,2.3,2.45,0.1635,0.5656,0.079,-0.076,0.1199,0.0328,68.72393701
9/2/2019,ACN,22/2/2019,155,Put,1.65,1.8,0.1704,-0.439,0.0769,-0.0691,0.1197,-0.0229,68.72393701
9/2/2019,ACN,22/2/2019,157.5,Call,1.1,1.45,0.1664,0.3714,0.0746,-0.0724,0.1152,0.0217,68.72393701
9/2/2019,ACN,22/2/2019,157.5,Put,2.9,3.1,0.1621,-0.6376,0.0778,-0.0607,0.1155,-0.0301,68.72393701
9/2/2019,ACN,22/2/2019,162.5,Call,0.1,0.2,0.15,0.0762,0.0313,-0.0242,0.0436,0.0045,68.72393701
9/2/2019,ACN,22/2/2019,162.5,Put,6.9,7.3,0.1634,-0.9188,0.0359,-0.0213,0.0485,-0.0249,68.72393701
9/2/2019,ACN,22/2/2019,167.5,Call,0,0.05,0.15,0.0069,0.0042,-0.0032,0.0059,0.0004,68.72393701
9/2/2019,ACN,22/2/2019,167.5,Put,11.1,12.3,0.1634,-1,0,0,0,0,68.72393701
9/2/2019,ACN,22/2/2019,170,Call,0,0.05,0.15,0.0015,0.0011,-0.0008,0.0015,0.0001,68.72393701
9/2/2019,ACN,22/2/2019,170,Put,14.3,14.7,0.1634,-1,0,0,0,0,68.72393701
9/2/2019,ACN,22/2/2019,180,Call,0,0.05,0.15,0,0,0,0,0,68.72393701
9/2/2019,ACN,22/2/2019,180,Put,24,24.8,0.1634,-1,0,0,0,0,68.72393701
9/2/2019,ACN,8/3/2019,134,Call,19.8,24,0.2151,0.9949,0.0016,-0.0117,0.0063,0.102,68.72393701
9/2/2019,ACN,8/3/2019,134,Put,0,0.4,0.2284,-0.0077,0.0021,-0.0036,0.0091,-0.0009,68.72393701
9/2/2019,ACN,8/3/2019,140,Call,15.2,17.4,0.2151,0.9667,0.008,-0.0217,0.0319,0.1031,68.72393701
9/2/2019,ACN,8/3/2019,140,Put,0.2,0.6,0.2284,-0.0417,0.0091,-0.0152,0.0384,-0.0051,68.72393701
9/2/2019,ACN,8/3/2019,145,Call,10.9,11.6,0.2007,0.9085,0.019,-0.0345,0.0709,0.0998,68.72393701
9/2/2019,ACN,8/3/2019,145,Put,0.4,0.9,0.2007,-0.0916,0.0191,-0.0245,0.0727,-0.0104,68.72393701
9/2/2019,ACN,8/3/2019,149,Call,7.6,8.3,0.207,0.7932,0.032,-0.0536,0.1231,0.0886,68.72393701
9/2/2019,ACN,8/3/2019,149,Put,0.9,1.25,0.207,-0.2077,0.0323,-0.0436,0.124,-0.0231,68.72393701
9/2/2019,ACN,8/3/2019,152.5,Call,4.8,5.2,0.1769,0.6822,0.0468,-0.0556,0.1536,0.0776,68.72393701
9/2/2019,ACN,8/3/2019,152.5,Put,1.7,1.85,0.1867,-0.328,0.0454,-0.0488,0.1579,-0.0351,68.72393701
9/2/2019,ACN,8/3/2019,155,Call,3.2,3.7,0.174,0.5571,0.0527,-0.0587,0.1701,0.0638,68.72393701
9/2/2019,ACN,8/3/2019,155,Put,2.55,2.8,0.1797,-0.448,0.0519,-0.0506,0.1707,-0.0461,68.72393701
9/2/2019,ACN,8/3/2019,157.5,Call,2,2.25,0.1652,0.4203,0.0549,-0.0541,0.1685,0.0485,68.72393701
9/2/2019,ACN,8/3/2019,157.5,Put,3.7,4.1,0.1734,-0.5815,0.0537,-0.047,0.1683,-0.056,68.72393701
9/2/2019,ACN,8/3/2019,162.5,Call,0.55,0.9,0.1656,0.1889,0.0379,-0.0365,0.1165,0.022,68.72393701
9/2/2019,ACN,8/3/2019,162.5,Put,6.8,7.7,0.1511,-0.8522,0.0408,-0.0211,0.1018,-0.0548,68.72393701
9/2/2019,ACN,8/3/2019,167.5,Call,0.05,0.3,0.1656,0.0614,0.017,-0.0161,0.0523,0.0072,68.72393701
9/2/2019,ACN,8/3/2019,167.5,Put,9.9,14.1,0.1511,-0.9877,0.0162,-0.0021,0.0193,-0.0047,68.72393701
9/2/2019,ACN,8/3/2019,170,Call,0,0.2,0.1656,0.031,0.0098,-0.0092,0.0302,0.0036,68.72393701
9/2/2019,ACN,8/3/2019,170,Put,12.6,16.6,0.1511,-1,0,0,0,0,68.72393701
9/2/2019,ACN,8/3/2019,180,Call,0,0.05,0.1656,0.0009,0.0004,-0.0004,0.0014,0.0001,68.72393701
9/2/2019,ACN,8/3/2019,180,Put,22.4,26.9,0.1511,-1,0,0,0,0,68.72393701
9/2/2019,ACN,29/3/2019,139,Call,17.2,18.4,0.2574,0.8998,0.012,-0.0351,0.1002,0.1639,68.72393701
9/2/2019,ACN,29/3/2019,139,Put,0.95,1.4,0.2974,-0.1313,0.0126,-0.0355,0.1198,-0.0266,68.72393701
9/2/2019,ACN,29/3/2019,140,Call,16.4,18.2,0.2888,0.8609,0.0135,-0.0456,0.1263,0.1564,68.72393701
9/2/2019,ACN,29/3/2019,140,Put,1.05,1.45,0.2907,-0.1408,0.0136,-0.0364,0.1327,-0.0284,68.72393701
9/2/2019,ACN,29/3/2019,145,Call,12.1,13.4,0.2518,0.8019,0.0194,-0.0488,0.1586,0.1502,68.72393701
9/2/2019,ACN,29/3/2019,145,Put,1.7,2.15,0.2679,-0.2119,0.0191,-0.0431,0.167,-0.042,68.72393701
9/2/2019,ACN,29/3/2019,149,Call,9.3,10.2,0.2467,0.7133,0.0242,-0.0561,0.194,0.1358,68.72393701
9/2/2019,ACN,29/3/2019,149,Put,2.55,3,0.2525,-0.2925,0.0241,-0.0476,0.1975,-0.0567,68.72393701
9/2/2019,ACN,29/3/2019,152.5,Call,6.9,7.4,0.2287,0.6267,0.0291,-0.0569,0.2158,0.1212,68.72393701
9/2/2019,ACN,29/3/2019,152.5,Put,3.6,3.9,0.2376,-0.3799,0.0285,-0.0489,0.216,-0.0715,68.72393701
9/2/2019,ACN,29/3/2019,155,Call,5.4,5.9,0.2237,0.5517,0.031,-0.0572,0.2254,0.1076,68.72393701
9/2/2019,ACN,29/3/2019,155,Put,4.2,4.8,0.221,-0.4527,0.0321,-0.0466,0.2256,-0.0824,68.72393701
9/2/2019,ACN,29/3/2019,157.5,Call,4.2,4.5,0.2191,0.4727,0.0319,-0.0557,0.2268,0.0928,68.72393701
9/2/2019,ACN,29/3/2019,157.5,Put,5.7,6.1,0.2251,-0.5317,0.0318,-0.047,0.2263,-0.0937,68.72393701
9/2/2019,ACN,29/3/2019,162.5,Call,2.2,2.45,0.2092,0.3145,0.0298,-0.0466,0.2023,0.0625,68.72393701
9/2/2019,ACN,29/3/2019,162.5,Put,8.3,9.2,0.2085,-0.6974,0.031,-0.0363,0.2002,-0.1075,68.72393701
9/2/2019,ACN,29/3/2019,167.5,Call,1,1.2,0.2026,0.1814,0.0228,-0.033,0.1502,0.0364,68.72393701
9/2/2019,ACN,29/3/2019,167.5,Put,11.8,13.8,0.2168,-0.8168,0.0239,-0.0272,0.1524,-0.1056,68.72393701
9/2/2019,ACN,29/3/2019,170,Call,0.4,0.8,0.2366,0.174,0.0191,-0.0372,0.1463,0.0347,68.72393701
9/2/2019,ACN,29/3/2019,170,Put,14.6,15.8,0.2366,-0.8417,0.0202,-0.027,0.139,-0.105,68.72393701
9/2/2019,ACN,29/3/2019,180,Call,0,0.3,0.2366,0.055,0.0082,-0.0159,0.0634,0.0111,68.72393701
9/2/2019,ACN,29/3/2019,180,Put,22.5,27,0.2366,-0.9724,0.0097,-0.0054,0.039,-0.0336,68.72393701
9/2/2019,ADBE,22/2/2019,217.5,Call,39.1,40,0.2787,0.999,0.0002,-0.0168,0.0016,0.0832,68.72393701
9/2/2019,ADBE,22/2/2019,217.5,Put,0,0.12,0.3544,-0.0071,0.0011,-0.0124,0.0099,-0.0007,68.72393701
9/2/2019,ADBE,22/2/2019,232.5,Call,24.55,25.35,0.2939,0.963,0.0055,-0.0583,0.0407,0.0853,68.72393701
9/2/2019,ADBE,22/2/2019,232.5,Put,0.32,0.42,0.325,-0.0524,0.0066,-0.0616,0.0539,-0.0053,68.72393701
9/2/2019,ADBE,22/2/2019,240,Call,17.6,18.2,0.28,0.9021,0.0123,-0.102,0.087,0.082,68.72393701
9/2/2019,ADBE,22/2/2019,240,Put,0.67,0.89,0.2928,-0.1075,0.0126,-0.0954,0.0931,-0.0109,68.72393701
9/2/2019,ADBE,22/2/2019,247.5,Call,11.2,11.7,0.2635,0.7808,0.0223,-0.1532,0.1487,0.0725,68.72393701
9/2/2019,ADBE,22/2/2019,247.5,Put,1.79,1.97,0.2747,-0.2282,0.022,-0.1461,0.1576,-0.0212,68.72393701
9/2/2019,ADBE,22/2/2019,252.5,Call,7.6,7.95,0.254,0.6553,0.0288,-0.1794,0.1853,0.0616,68.72393701
9/2/2019,ADBE,22/2/2019,252.5,Put,3.05,3.3,0.2612,-0.3493,0.0284,-0.1686,0.1861,-0.0317,68.72393701
9/2/2019,ADBE,22/2/2019,257.5,Call,4.7,4.95,0.2464,0.5016,0.0322,-0.1854,0.2007,0.0476,68.72393701
9/2/2019,ADBE,22/2/2019,257.5,Put,5,5.4,0.2516,-0.5,0.0318,-0.173,0.2008,-0.0434,68.72393701
9/2/2019,ADBE,22/2/2019,262.5,Call,2.43,2.67,0.2326,0.3369,0.0312,-0.1586,0.1837,0.0322,68.72393701
9/2/2019,ADBE,22/2/2019,262.5,Put,7.8,8.2,0.2419,-0.66,0.0306,-0.1498,0.1842,-0.0532,68.72393701
9/2/2019,ADBE,22/2/2019,267.5,Call,1.1,1.25,0.2241,0.1926,0.0243,-0.1136,0.1377,0.0185,68.72393701
9/2/2019,ADBE,22/2/2019,267.5,Put,11.15,11.9,0.2282,-0.8092,0.0247,-0.1011,0.1422,-0.0559,68.72393701
9/2/2019,ADBE,22/2/2019,275,Call,0.21,0.28,0.2108,0.0552,0.0105,-0.0433,0.0562,0.0053,68.72393701
9/2/2019,ADBE,22/2/2019,275,Put,17.55,18.65,0.2099,-0.958,0.0112,-0.0262,0.048,-0.0325,68.72393701
9/2/2019,ADBE,22/2/2019,282.5,Call,0,0.07,0.2108,0.0123,0.003,-0.0123,0.016,0.0012,68.72393701
9/2/2019,ADBE,22/2/2019,282.5,Put,25.05,26.05,0.2099,-1,0,0,0,0,68.72393701
9/2/2019,ADBE,22/2/2019,290,Call,0,0.05,0.2108,0.002,0.0006,-0.0024,0.0031,0.0002,68.72393701
9/2/2019,ADBE,22/2/2019,290,Put,32.75,33.55,0.2099,-1,0,0,0,0,68.72393701
9/2/2019,ADBE,8/3/2019,217.5,Call,37.8,41.55,0.3611,0.9589,0.0034,-0.0548,0.0627,0.158,68.72393701
9/2/2019,ADBE,8/3/2019,217.5,Put,0.27,0.62,0.3611,-0.0411,0.0034,-0.0397,0.0627,-0.0084,68.72393701
9/2/2019,ADBE,8/3/2019,232.5,Call,25.1,26.5,0.2814,0.9115,0.008,-0.0719,0.1142,0.1599,68.72393701
9/2/2019,ADBE,8/3/2019,232.5,Put,1,1.38,0.3091,-0.1081,0.0085,-0.0713,0.1354,-0.0207,68.72393701
9/2/2019,ADBE,8/3/2019,240,Call,18.6,20.2,0.2815,0.8269,0.0128,-0.1051,0.1822,0.1481,68.72393701
9/2/2019,ADBE,8/3/2019,240,Put,2.01,2.33,0.2938,-0.183,0.0127,-0.0961,0.1874,-0.0346,68.72393701
9/2/2019,ADBE,8/3/2019,247.5,Call,13.2,14.15,0.2757,0.7113,0.0174,-0.1315,0.2431,0.1297,68.72393701
9/2/2019,ADBE,8/3/2019,247.5,Put,3.65,3.95,0.2794,-0.292,0.0174,-0.1175,0.2488,-0.0538,68.72393701
9/2/2019,ADBE,8/3/2019,252.5,Call,9.7,10.5,0.2609,0.6208,0.0205,-0.1367,0.2708,0.1146,68.72393701
9/2/2019,ADBE,8/3/2019,252.5,Put,5.25,5.85,0.2762,-0.3859,0.0196,-0.1283,0.2712,-0.0697,68.72393701
9/2/2019,ADBE,8/3/2019,257.5,Call,7,7.55,0.2562,0.5142,0.0219,-0.1386,0.2837,0.0958,68.72393701
9/2/2019,ADBE,8/3/2019,257.5,Put,7.15,8.1,0.2672,-0.488,0.0212,-0.128,0.2837,-0.0852,68.72393701
9/2/2019,ADBE,8/3/2019,262.5,Call,4.65,5.15,0.2483,0.4032,0.0219,-0.1291,0.2755,0.0757,68.72393701
9/2/2019,ADBE,8/3/2019,262.5,Put,10,10.8,0.2649,-0.5933,0.021,-0.1218,0.2788,-0.099,68.72393701
9/2/2019,ADBE,8/3/2019,267.5,Call,2.87,3.3,0.2408,0.2953,0.0201,-0.1108,0.2457,0.0558,68.72393701
9/2/2019,ADBE,8/3/2019,267.5,Put,12.9,14.1,0.2551,-0.6987,0.0198,-0.1029,0.2499,-0.1084,68.72393701
9/2/2019,ADBE,8/3/2019,275,Call,1.22,1.72,0.2383,0.1677,0.0148,-0.0789,0.1785,0.0319,68.72393701
9/2/2019,ADBE,8/3/2019,275,Put,18.7,20.15,0.2578,-0.8207,0.0152,-0.0751,0.1858,-0.1097,68.72393701
9/2/2019,ADBE,8/3/2019,282.5,Call,0.44,0.71,0.2318,0.0791,0.0089,-0.0448,0.1049,0.0151,68.72393701
9/2/2019,ADBE,8/3/2019,282.5,Put,25.3,27.3,0.2795,-0.8869,0.0107,-0.0578,0.1389,-0.1019,68.72393701
9/2/2019,ADBE,8/3/2019,290,Call,0.07,0.47,0.228,0.0321,0.0044,-0.0214,0.0512,0.0062,68.72393701
9/2/2019,ADBE,8/3/2019,290,Put,32.35,35.25,0.3091,-0.9217,0.0077,-0.0476,0.1085,-0.0929,68.72393701
9/2/2019,ADBE,29/3/2019,220,Call,38.6,40.15,0.3524,0.9026,0.0052,-0.0721,0.1621,0.2583,68.72393701
9/2/2019,ADBE,29/3/2019,220,Put,1.69,1.91,0.3637,-0.1038,0.0053,-0.0613,0.1732,-0.0354,68.72393701
9/2/2019,ADBE,29/3/2019,232.5,Call,27.85,29,0.3268,0.8229,0.0084,-0.0947,0.2445,0.2455,68.72393701
9/2/2019,ADBE,29/3/2019,232.5,Put,3.35,3.7,0.3429,-0.1876,0.0084,-0.0857,0.263,-0.0629,68.72393701
9/2/2019,ADBE,29/3/2019,240,Call,22,23.5,0.3242,0.7471,0.0105,-0.1117,0.3009,0.227,68.72393701
9/2/2019,ADBE,29/3/2019,240,Put,4.95,5.4,0.3319,-0.2582,0.0104,-0.0988,0.3064,-0.0855,68.72393701
9/2/2019,ADBE,29/3/2019,247.5,Call,16.75,18.05,0.3123,0.6617,0.0124,-0.1207,0.3442,0.2047,68.72393701
9/2/2019,ADBE,29/3/2019,247.5,Put,7.15,7.75,0.3231,-0.3439,0.0122,-0.1087,0.3431,-0.1117,68.72393701
9/2/2019,ADBE,29/3/2019,252.5,Call,13.65,14.65,0.3031,0.5972,0.0136,-0.1227,0.3643,0.1869,68.72393701
9/2/2019,ADBE,29/3/2019,252.5,Put,9,9.55,0.3154,-0.4074,0.0132,-0.111,0.3655,-0.1299,68.72393701
9/2/2019,ADBE,29/3/2019,257.5,Call,11.1,11.75,0.2993,0.5275,0.0141,-0.1234,0.3746,0.1665,68.72393701
9/2/2019,ADBE,29/3/2019,257.5,Put,11.15,11.85,0.3101,-0.4754,0.0139,-0.111,0.3744,-0.148,68.72393701
9/2/2019,ADBE,29/3/2019,262.5,Call,8.7,9.5,0.297,0.4569,0.0142,-0.121,0.3733,0.1453,68.72393701
9/2/2019,ADBE,29/3/2019,262.5,Put,13.55,14.5,0.3038,-0.5457,0.0141,-0.1071,0.3751,-0.165,68.72393701
9/2/2019,ADBE,29/3/2019,267.5,Call,6.6,7.15,0.2879,0.3844,0.0141,-0.1123,0.3596,0.1233,68.72393701
9/2/2019,ADBE,29/3/2019,267.5,Put,16.5,17.35,0.298,-0.6162,0.014,-0.0998,0.3611,-0.1794,68.72393701
9/2/2019,ADBE,29/3/2019,275,Call,4.35,4.65,0.2833,0.2854,0.0127,-0.0974,0.3197,0.0923,68.72393701
9/2/2019,ADBE,29/3/2019,275,Put,21.35,22.6,0.2915,-0.7163,0.0129,-0.0843,0.3154,-0.1923,68.72393701
9/2/2019,ADBE,29/3/2019,282.5,Call,2.58,2.87,0.2761,0.1976,0.0107,-0.0772,0.2615,0.0644,68.72393701
9/2/2019,ADBE,29/3/2019,282.5,Put,27.1,28.7,0.2922,-0.7983,0.011,-0.068,0.2713,-0.1929,68.72393701
9/2/2019,ADBE,29/3/2019,290,Call,1.43,1.72,0.2711,0.1288,0.0082,-0.057,0.1979,0.0423,68.72393701
9/2/2019,ADBE,29/3/2019,290,Put,33.55,35.1,0.2926,-0.8647,0.0089,-0.0504,0.2071,-0.1788,68.72393701
9/2/2019,ADI,22/2/2019,85.5,Call,12.9,17.3,0.2263,0.9999,0.0001,-0.006,0.0001,0.0327,68.72393701
9/2/2019,ADI,22/2/2019,85.5,Put,0,0.5,0.3723,-0.0108,0.0039,-0.0074,0.0056,-0.0004,68.72393701
9/2/2019,ADI,22/2/2019,90.5,Call,10,10.8,0.2263,0.9931,0.0043,-0.0093,0.0038,0.0344,68.72393701
9/2/2019,ADI,22/2/2019,90.5,Put,0.15,0.55,0.3723,-0.0644,0.0171,-0.0326,0.0248,-0.0026,68.72393701
9/2/2019,ADI,22/2/2019,93.5,Call,7.3,7.9,0.3032,0.9033,0.0286,-0.0424,0.0338,0.032,68.72393701
9/2/2019,ADI,22/2/2019,93.5,Put,0.35,1.35,0.3032,-0.0965,0.0287,-0.036,0.0339,-0.0036,68.72393701
9/2/2019,ADI,22/2/2019,96.5,Call,4.9,5.5,0.3191,0.7684,0.0484,-0.0736,0.0601,0.0277,68.72393701
9/2/2019,ADI,22/2/2019,96.5,Put,0.9,1.25,0.351,-0.2508,0.0462,-0.0773,0.0618,-0.0092,68.72393701
9/2/2019,ADI,22/2/2019,98.5,Call,3.6,4.1,0.3238,0.6555,0.0577,-0.0884,0.0726,0.0238,68.72393701
9/2/2019,ADI,22/2/2019,98.5,Put,1.45,1.7,0.3301,-0.3476,0.0571,-0.0839,0.0728,-0.0125,68.72393701
9/2/2019,ADI,22/2/2019,101,Call,2.2,2.45,0.3061,0.5006,0.0661,-0.0894,0.0787,0.0184,68.72393701
9/2/2019,ADI,22/2/2019,101,Put,2.5,2.75,0.3212,-0.4997,0.0635,-0.0874,0.0787,-0.0174,68.72393701
9/2/2019,ADI,22/2/2019,103,Call,1.3,1.65,0.3026,0.3707,0.0633,-0.0831,0.0745,0.0137,68.72393701
9/2/2019,ADI,22/2/2019,103,Put,3.5,4.1,0.3217,-0.6228,0.0606,-0.0825,0.0751,-0.0207,68.72393701
9/2/2019,ADI,22/2/2019,105,Call,0.7,0.95,0.2917,0.2479,0.055,-0.0667,0.0624,0.0093,68.72393701
9/2/2019,ADI,22/2/2019,105,Put,4.9,5.4,0.3139,-0.7387,0.0536,-0.0678,0.0652,-0.0228,68.72393701
9/2/2019,ADI,22/2/2019,108,Call,0.15,0.5,0.3329,0.1535,0.0361,-0.0566,0.0467,0.0057,68.72393701
9/2/2019,ADI,22/2/2019,108,Put,7.3,8.1,0.3329,-0.8513,0.0367,-0.05,0.0466,-0.0231,68.72393701
9/2/2019,ADI,22/2/2019,111,Call,0,0.5,0.3623,0.0935,0.0234,-0.0433,0.033,0.0035,68.72393701
9/2/2019,ADI,22/2/2019,111,Put,9.3,12.5,0.3623,-0.9121,0.0239,-0.0365,0.0322,-0.0214,68.72393701
9/2/2019,ADI,22/2/2019,116,Call,0,0.45,0.3623,0.0262,0.0085,-0.0157,0.012,0.001,68.72393701
9/2/2019,ADI,22/2/2019,116,Put,13.7,17.7,0.3623,-0.9824,0.009,-0.0085,0.0093,-0.0097,68.72393701
9/2/2019,ADI,8/3/2019,85.5,Call,13.1,17.4,0.2979,0.9868,0.0046,-0.0114,0.01,0.044,68.72393701
9/2/2019,ADI,8/3/2019,85.5,Put,0,1,0.2979,-0.0231,0.0066,-0.0079,0.0152,-0.0018,68.72393701
9/2/2019,ADI,8/3/2019,90.5,Call,9.6,11.7,0.2979,0.9252,0.0188,-0.0287,0.0389,0.0446,68.72393701
9/2/2019,ADI,8/3/2019,90.5,Put,0.2,1.55,0.2979,-0.0959,0.0207,-0.0245,0.0468,-0.0072,68.72393701
9/2/2019,ADI,8/3/2019,93.5,Call,7,9,0.2979,0.8426,0.0315,-0.0439,0.0663,0.0434,68.72393701
9/2/2019,ADI,8/3/2019,93.5,Put,0.6,1.95,0.2979,-0.1819,0.0321,-0.0379,0.0731,-0.0135,68.72393701
9/2/2019,ADI,8/3/2019,96.5,Call,5.3,6.5,0.3171,0.7118,0.0412,-0.0616,0.0942,0.0407,68.72393701
9/2/2019,ADI,8/3/2019,96.5,Put,1.5,2.45,0.3317,-0.3157,0.0389,-0.0566,0.0974,-0.0232,68.72393701
9/2/2019,ADI,8/3/2019,98.5,Call,4,4.9,0.2998,0.6276,0.048,-0.0635,0.1038,0.0374,68.72393701
9/2/2019,ADI,8/3/2019,98.5,Put,2.1,3.2,0.3218,-0.3972,0.0435,-0.0591,0.108,-0.0287,68.72393701
9/2/2019,ADI,8/3/2019,101,Call,2.55,3.6,0.2957,0.503,0.0508,-0.0644,0.1101,0.0308,68.72393701
9/2/2019,ADI,8/3/2019,101,Put,3.2,4.2,0.3064,-0.5111,0.0473,-0.0574,0.1111,-0.0363,68.72393701
9/2/2019,ADI,8/3/2019,103,Call,1.7,2.65,0.2902,0.402,0.0497,-0.0603,0.1064,0.026,68.72393701
9/2/2019,ADI,8/3/2019,103,Put,4.3,5.2,0.2943,-0.6082,0.0475,-0.0521,0.1061,-0.0423,68.72393701
9/2/2019,ADI,8/3/2019,105,Call,1,1.95,0.2854,0.3069,0.0456,-0.0532,0.0989,0.0208,68.72393701
9/2/2019,ADI,8/3/2019,105,Put,4.9,6.7,0.2616,-0.7214,0.0469,-0.0387,0.0927,-0.0483,68.72393701
9/2/2019,ADI,8/3/2019,108,Call,0.3,1.45,0.2755,0.183,0.0353,-0.0381,0.0751,0.013,68.72393701
9/2/2019,ADI,8/3/2019,108,Put,7.3,9.3,0.2755,-0.8233,0.0345,-0.0297,0.0738,-0.0539,68.72393701
9/2/2019,ADI,8/3/2019,111,Call,0,0.95,0.2869,0.1121,0.0242,-0.0282,0.0551,0.008,68.72393701
9/2/2019,ADI,8/3/2019,111,Put,10,11.9,0.2869,-0.8924,0.0237,-0.0199,0.0535,-0.0576,68.72393701
9/2/2019,ADI,8/3/2019,116,Call,0,0.8,0.2869,0.0382,0.0104,-0.0121,0.023,0.0028,68.72393701
9/2/2019,ADI,8/3/2019,116,Put,13.6,18.2,0.2869,-0.9649,0.01,-0.0035,0.0226,-0.061,68.72393701
9/2/2019,ADI,29/3/2019,94.5,Call,7.5,8.1,0.2831,0.7512,0.0324,-0.0405,0.1166,0.077,68.72393701
9/2/2019,ADI,29/3/2019,94.5,Put,1.5,2.3,0.2999,-0.2675,0.0302,-0.0353,0.1201,-0.0342,68.72393701
9/2/2019,ADI,29/3/2019,96.5,Call,6,6.6,0.2721,0.6851,0.0371,-0.0423,0.1315,0.075,68.72393701
9/2/2019,ADI,29/3/2019,96.5,Put,2,3.2,0.3015,-0.3348,0.0332,-0.039,0.1336,-0.0423,68.72393701
9/2/2019,ADI,29/3/2019,98.5,Call,4.6,5.9,0.2835,0.6032,0.0379,-0.0459,0.1417,0.0704,68.72393701
9/2/2019,ADI,29/3/2019,98.5,Put,2.8,3.6,0.2859,-0.4026,0.0373,-0.0389,0.1425,-0.0496,68.72393701
9/2/2019,ADI,29/3/2019,101,Call,3.2,4.2,0.2651,0.5041,0.0416,-0.0436,0.1467,0.0617,68.72393701
9/2/2019,ADI,29/3/2019,101,Put,3.8,4.4,0.2637,-0.5015,0.042,-0.0363,0.1466,-0.0593,68.72393701
9/2/2019,ADI,29/3/2019,103,Call,2.35,2.9,0.2495,0.4162,0.043,-0.0396,0.1451,0.0522,68.72393701
9/2/2019,ADI,29/3/2019,103,Put,4.9,5.9,0.2736,-0.5789,0.0398,-0.0365,0.1442,-0.0667,68.72393701
9/2/2019,ADI,29/3/2019,105,Call,1.6,2.55,0.2592,0.3432,0.0389,-0.0383,0.1375,0.0435,68.72393701
9/2/2019,ADI,29/3/2019,105,Put,6.2,6.9,0.2622,-0.6619,0.0392,-0.0319,0.1359,-0.0724,68.72393701
9/2/2019,ADI,29/3/2019,108,Call,0.85,1.2,0.2346,0.2165,0.0342,-0.0274,0.1092,0.028,68.72393701
9/2/2019,ADI,29/3/2019,108,Put,8.3,9,0.2504,-0.7771,0.0341,-0.0233,0.1108,-0.0768,68.72393701
9/2/2019,ADI,29/3/2019,111,Call,0.3,0.95,0.2597,0.1615,0.0257,-0.025,0.0918,0.0209,68.72393701
9/2/2019,ADI,29/3/2019,111,Put,10.9,11.6,0.2597,-0.8496,0.0262,-0.0174,0.0873,-0.078,68.72393701
9/2/2019,ADI,29/3/2019,116,Call,0,1.3,0.2698,0.0819,0.0153,-0.0159,0.0556,0.0105,68.72393701
9/2/2019,ADI,29/3/2019,116,Put,14.3,17.4,0.2698,-0.9299,0.015,-0.0073,0.0511,-0.0749,68.72393701
9/2/2019,ADM,22/2/2019,35,Call,6.35,7,0.246,1,0,-0.0024,0,0.0057,68.72393701
9/2/2019,ADM,22/2/2019,35,Put,0,0.06,0.246,-0.0002,0.0004,-0.0001,0.0001,0,68.72393701
9/2/2019,ADM,22/2/2019,38,Call,3.6,4.05,0.246,0.9959,0.0086,-0.0038,0.0008,0.0062,68.72393701
9/2/2019,ADM,22/2/2019,38,Put,0.03,0.08,0.246,-0.0337,0.0376,-0.0052,0.0061,-0.0005,68.72393701
9/2/2019,ADM,22/2/2019,39,Call,2.48,2.9,0.246,0.9678,0.0506,-0.0098,0.0056,0.0065,68.72393701
9/2/2019,ADM,22/2/2019,39,Put,0.07,0.12,0.246,-0.0985,0.0874,-0.0121,0.0142,-0.0015,68.72393701
9/2/2019,ADM,22/2/2019,40,Call,1.69,1.92,0.188,0.9394,0.1112,-0.0118,0.0096,0.0066,68.72393701
9/2/2019,ADM,22/2/2019,40,Put,0.15,0.2,0.208,-0.1858,0.1595,-0.0157,0.0217,-0.0028,68.72393701
9/2/2019,ADM,22/2/2019,41,Call,0.83,1.02,0.1715,0.7555,0.3057,-0.0232,0.0241,0.0064,68.72393701
9/2/2019,ADM,22/2/2019,41,Put,0.37,0.45,0.1886,-0.3783,0.2511,-0.0198,0.031,-0.0054,68.72393701
9/2/2019,ADM,22/2/2019,42,Call,0.38,0.42,0.1867,0.4131,0.3095,-0.0265,0.0302,0.0045,68.72393701
9/2/2019,ADM,22/2/2019,42,Put,0.83,1.04,0.1896,-0.6358,0.249,-0.0191,0.0308,-0.0082,68.72393701
9/2/2019,ADM,22/2/2019,43,Call,0.11,0.15,0.1864,0.1693,0.1803,-0.0152,0.0205,0.0024,68.72393701
9/2/2019,ADM,22/2/2019,43,Put,1.56,2.02,0.235,-0.7857,0.1572,-0.018,0.0238,-0.0094,68.72393701
9/2/2019,ADM,22/2/2019,45,Call,0,0.07,0.3348,0.1111,0.0705,-0.0189,0.0157,0.0017,68.72393701
9/2/2019,ADM,22/2/2019,45,Put,3.5,3.9,0.3348,-0.8933,0.0702,-0.0156,0.0153,-0.01,68.72393701
9/2/2019,ADM,22/2/2019,46,Call,0.01,0.08,0.3975,0.0969,0.0532,-0.02,0.0139,0.0015,68.72393701
9/2/2019,ADM,22/2/2019,46,Put,4.5,4.9,0.3975,-0.907,0.0534,-0.0169,0.0135,-0.0102,68.72393701
9/2/2019,ADM,22/2/2019,48,Call,0,0.07,0.49,0.0693,0.0335,-0.0191,0.0108,0.0011,68.72393701
9/2/2019,ADM,22/2/2019,48,Put,6.5,6.85,0.49,-0.9342,0.0334,-0.0157,0.0102,-0.0104,68.72393701
9/2/2019,ADM,8/3/2019,35,Call,6.55,6.9,0.1972,1,0,-0.0024,0,0.0057,68.72393701
9/2/2019,ADM,8/3/2019,35,Put,0,0.13,0.2261,-0.003,0.0035,-0.0004,0.001,-0.0001,68.72393701
9/2/2019,ADM,8/3/2019,38,Call,3.55,4,0.1972,0.9967,0.0084,-0.0034,0.001,0.0063,68.72393701
9/2/2019,ADM,8/3/2019,38,Put,0.08,0.16,0.2261,-0.0755,0.0551,-0.0064,0.0168,-0.0023,68.72393701
9/2/2019,ADM,8/3/2019,39,Call,2.63,2.96,0.1972,0.9622,0.0661,-0.0086,0.0096,0.0075,68.72393701
9/2/2019,ADM,8/3/2019,39,Put,0.18,0.25,0.2261,-0.1543,0.0921,-0.0106,0.0275,-0.0046,68.72393701
9/2/2019,ADM,8/3/2019,40,Call,1.73,2,0.1835,0.8604,0.1725,-0.016,0.0234,0.0101,68.72393701
9/2/2019,ADM,8/3/2019,40,Put,0.31,0.41,0.204,-0.2507,0.1373,-0.0127,0.037,-0.0074,68.72393701
9/2/2019,ADM,8/3/2019,41,Call,1.11,1.23,0.1941,0.6311,0.2158,-0.0208,0.042,0.0145,68.72393701
9/2/2019,ADM,8/3/2019,41,Put,0.6,0.7,0.1911,-0.4037,0.1793,-0.0142,0.0447,-0.0113,68.72393701
9/2/2019,ADM,8/3/2019,42,Call,0.59,0.69,0.1884,0.4234,0.194,-0.0174,0.0448,0.0121,68.72393701
9/2/2019,ADM,8/3/2019,42,Put,1.08,1.18,0.1831,-0.5914,0.19,-0.0132,0.0448,-0.0152,68.72393701
9/2/2019,ADM,8/3/2019,43,Call,0.28,0.33,0.1835,0.249,0.152,-0.0127,0.0361,0.0077,68.72393701
9/2/2019,ADM,8/3/2019,43,Put,1.61,1.87,0.1576,-0.8013,0.1679,-0.0074,0.0322,-0.0161,68.72393701
9/2/2019,ADM,8/3/2019,45,Call,0.03,0.09,0.2061,0.0817,0.0639,-0.0066,0.0173,0.0025,68.72393701
9/2/2019,ADM,8/3/2019,45,Put,3.45,3.8,0.2061,-0.9332,0.0651,-0.0035,0.0153,-0.0135,68.72393701
9/2/2019,ADM,8/3/2019,46,Call,0,0.08,0.247,0.0703,0.0475,-0.007,0.0154,0.0022,68.72393701
9/2/2019,ADM,8/3/2019,46,Put,4.45,4.8,0.247,-0.9425,0.0481,-0.0038,0.0139,-0.0137,68.72393701
9/2/2019,ADM,8/3/2019,48,Call,0,0.05,0.3225,0.0563,0.0306,-0.0076,0.013,0.0017,68.72393701
9/2/2019,ADM,8/3/2019,48,Put,6.35,6.9,0.3225,-0.9539,0.0307,-0.0043,0.0112,-0.014,68.72393701
9/2/2019,ADM,29/3/2019,35,Call,6.5,6.95,0.286,0.9947,0.0082,-0.004,0.0034,0.0081,68.72393701
9/2/2019,ADM,29/3/2019,35,Put,0.01,0.13,0.2752,-0.0397,0.0205,-0.0035,0.013,-0.0023,68.72393701
9/2/2019,ADM,29/3/2019,38,Call,3.6,4.1,0.231,0.913,0.0805,-0.0125,0.0217,0.0211,68.72393701
9/2/2019,ADM,29/3/2019,38,Put,0.23,0.29,0.2338,-0.1388,0.0629,-0.0076,0.0352,-0.0073,68.72393701
9/2/2019,ADM,29/3/2019,39,Call,2.75,3.05,0.2012,0.858,0.1189,-0.0136,0.0333,0.0259,68.72393701
9/2/2019,ADM,29/3/2019,39,Put,0.29,0.42,0.2095,-0.1946,0.0875,-0.0084,0.0428,-0.0101,68.72393701
9/2/2019,ADM,29/3/2019,40,Call,2,2.22,0.1968,0.7265,0.1349,-0.0143,0.0512,0.034,68.72393701
9/2/2019,ADM,29/3/2019,40,Put,0.53,0.64,0.202,-0.2928,0.1137,-0.01,0.0526,-0.0148,68.72393701
9/2/2019,ADM,29/3/2019,41,Call,1.4,1.59,0.1991,0.5882,0.1317,-0.0139,0.0589,0.0306,68.72393701
9/2/2019,ADM,29/3/2019,41,Put,0.84,0.95,0.1899,-0.4146,0.138,-0.0104,0.059,-0.02,68.72393701
9/2/2019,ADM,29/3/2019,42,Call,0.89,0.97,0.1871,0.4516,0.1403,-0.0128,0.06,0.024,68.72393701
9/2/2019,ADM,29/3/2019,42,Put,1.22,1.42,0.1756,-0.562,0.1534,-0.0094,0.0592,-0.025,68.72393701
9/2/2019,ADM,29/3/2019,43,Call,0.49,0.66,0.1875,0.3213,0.1264,-0.0114,0.0543,0.0173,68.72393701
9/2/2019,ADM,29/3/2019,43,Put,1.9,2.11,0.1811,-0.6984,0.1352,-0.0082,0.0531,-0.0278,68.72393701
9/2/2019,ADM,29/3/2019,45,Call,0.12,0.28,0.1789,0.1185,0.0731,-0.0058,0.0301,0.0064,68.72393701
9/2/2019,ADM,29/3/2019,45,Put,3.5,3.8,0.1789,-0.9075,0.079,-0.003,0.0256,-0.021,68.72393701
9/2/2019,ADM,29/3/2019,46,Call,0.05,0.11,0.2001,0.0885,0.0528,-0.0052,0.0243,0.0048,68.72393701
9/2/2019,ADM,29/3/2019,46,Put,4.45,4.8,0.2001,-0.9366,0.0559,-0.0022,0.0196,-0.0188,68.72393701
9/2/2019,ADM,29/3/2019,48,Call,0,0.08,0.2982,0.1028,0.0396,-0.0086,0.0272,0.0054,68.72393701
9/2/2019,ADM,29/3/2019,48,Put,6.45,6.95,0.2982,-0.9131,0.042,-0.0056,0.024,-0.0253,68.72393701
9/2/2019,ADP,22/2/2019,125,Call,20.9,22.4,0.2103,1,0,-0.0088,0,0.0479,68.72393701
9/2/2019,ADP,22/2/2019,125,Put,0,0.1,0.2403,-0.0003,0.0001,-0.0002,0.0003,0,68.72393701
9/2/2019,ADP,22/2/2019,132,Call,13.9,15.5,0.2103,0.9957,0.0021,-0.0119,0.0036,0.0503,68.72393701
9/2/2019,ADP,22/2/2019,132,Put,0,0.15,0.2403,-0.0106,0.0041,-0.0068,0.0081,-0.0006,68.72393701
9/2/2019,ADP,22/2/2019,137,Call,9.8,10.3,0.2103,0.9576,0.0149,-0.0286,0.026,0.0501,68.72393701
9/2/2019,ADP,22/2/2019,137,Put,0.15,0.25,0.2403,-0.0648,0.0184,-0.0306,0.0374,-0.0035,68.72393701
9/2/2019,ADP,22/2/2019,141,Call,6.2,6.5,0.197,0.8624,0.0388,-0.0529,0.0632,0.0461,68.72393701
9/2/2019,ADP,22/2/2019,141,Put,0.4,0.55,0.208,-0.1503,0.0392,-0.0486,0.0699,-0.008,68.72393701
9/2/2019,ADP,22/2/2019,144,Call,3.8,4.1,0.1904,0.7133,0.0622,-0.0736,0.0979,0.0386,68.72393701
9/2/2019,ADP,22/2/2019,144,Put,0.95,1.1,0.1926,-0.2897,0.0623,-0.0652,0.0998,-0.0149,68.72393701
9/2/2019,ADP,22/2/2019,147,Call,1.85,2.1,0.1742,0.5031,0.0797,-0.0764,0.1147,0.0276,68.72393701
9/2/2019,ADP,22/2/2019,147,Put,1.9,2.25,0.1778,-0.4997,0.0791,-0.0686,0.1147,-0.0241,68.72393701
9/2/2019,ADP,22/2/2019,150,Call,0.7,0.85,0.1662,0.2696,0.0691,-0.0591,0.095,0.0149,68.72393701
9/2/2019,ADP,22/2/2019,150,Put,3.5,4.1,0.1616,-0.744,0.0721,-0.0477,0.0942,-0.0302,68.72393701
9/2/2019,ADP,22/2/2019,152.5,Call,0.2,0.3,0.156,0.1157,0.0434,-0.0324,0.056,0.0064,68.72393701
9/2/2019,ADP,22/2/2019,152.5,Put,5.6,6.1,0.1577,-0.8947,0.0459,-0.0241,0.0548,-0.0258,68.72393701
9/2/2019,ADP,22/2/2019,157.5,Call,0,0.1,0.156,0.0121,0.007,-0.0052,0.0091,0.0007,68.72393701
9/2/2019,ADP,22/2/2019,157.5,Put,9.7,11.4,0.1577,-1,0,0,0,0,68.72393701
9/2/2019,ADP,22/2/2019,162.5,Call,0,0.05,0.156,0.0005,0.0004,-0.0003,0.0005,0,68.72393701
9/2/2019,ADP,22/2/2019,162.5,Put,15.1,16.4,0.1577,-1,0,0,0,0,68.72393701
9/2/2019,ADP,22/2/2019,170,Call,0,0.05,0.156,0,0,0,0,0,68.72393701
9/2/2019,ADP,22/2/2019,170,Put,22.4,25.1,0.1577,-1,0,0,0,0,68.72393701
9/2/2019,ADP,8/3/2019,125,Call,19.7,23.7,0.2069,0.9986,0.0006,-0.0093,0.0023,0.0878,68.72393701
9/2/2019,ADP,8/3/2019,125,Put,0,0.5,0.2365,-0.0074,0.0021,-0.0034,0.0083,-0.0009,68.72393701
9/2/2019,ADP,8/3/2019,132,Call,12.7,16.8,0.2069,0.9765,0.0068,-0.0175,0.0247,0.0905,68.72393701
9/2/2019,ADP,8/3/2019,132,Put,0.25,0.7,0.2365,-0.0544,0.0115,-0.0183,0.0446,-0.0063,68.72393701
9/2/2019,ADP,8/3/2019,137,Call,9.6,11,0.2069,0.9047,0.0209,-0.0347,0.0715,0.0866,68.72393701
9/2/2019,ADP,8/3/2019,137,Put,0.6,1.9,0.2365,-0.1501,0.0245,-0.0384,0.0966,-0.0166,68.72393701
9/2/2019,ADP,8/3/2019,141,Call,6.8,7.5,0.2117,0.7795,0.0357,-0.0542,0.1209,0.0762,68.72393701
9/2/2019,ADP,8/3/2019,141,Put,1.2,2.05,0.2321,-0.2724,0.0355,-0.053,0.1341,-0.0302,68.72393701
9/2/2019,ADP,8/3/2019,144,Call,4.5,5,0.1906,0.6692,0.0485,-0.058,0.1451,0.0666,68.72393701
9/2/2019,ADP,8/3/2019,144,Put,2.05,2.7,0.212,-0.3829,0.0447,-0.0547,0.1541,-0.0423,68.72393701
9/2/2019,ADP,8/3/2019,147,Call,2.65,3.2,0.1836,0.5134,0.0554,-0.0595,0.1591,0.0518,68.72393701
9/2/2019,ADP,8/3/2019,147,Put,3.3,4,0.2029,-0.5235,0.0488,-0.0531,0.1606,-0.0578,68.72393701
9/2/2019,ADP,8/3/2019,150,Call,1.3,2.05,0.1827,0.3524,0.0517,-0.0539,0.1474,0.036,68.72393701
9/2/2019,ADP,8/3/2019,150,Put,4.9,5.7,0.1899,-0.6744,0.0472,-0.0424,0.1474,-0.0745,68.72393701
9/2/2019,ADP,8/3/2019,152.5,Call,0.65,1.2,0.1779,0.2306,0.0435,-0.0425,0.125,0.0238,68.72393701
9/2/2019,ADP,8/3/2019,152.5,Put,6.5,7.4,0.1721,-0.803,0.0401,-0.026,0.1169,-0.0888,68.72393701
9/2/2019,ADP,8/3/2019,157.5,Call,0.1,1.1,0.2693,0.1822,0.0248,-0.0543,0.1079,0.0187,68.72393701
9/2/2019,ADP,8/3/2019,157.5,Put,10.1,13.8,0.2693,-0.8305,0.0233,-0.04,0.1045,-0.0955,68.72393701
9/2/2019,ADP,8/3/2019,162.5,Call,0,2.2,0.2693,0.0908,0.0153,-0.0332,0.0673,0.0094,68.72393701
9/2/2019,ADP,8/3/2019,162.5,Put,15.4,18.6,0.2693,-0.9158,0.0142,-0.0197,0.0641,-0.1071,68.72393701
9/2/2019,ADP,8/3/2019,170,Call,0,0.9,0.2693,0.0252,0.0055,-0.0118,0.0255,0.0027,68.72393701
9/2/2019,ADP,8/3/2019,170,Put,22.4,26,0.2693,-0.9766,0.0051,0,0.0241,-0.1181,68.72393701
9/2/2019,ADP,29/3/2019,132,Call,15,15.7,0.2194,0.9338,0.0128,-0.0266,0.0676,0.0982,68.72393701
9/2/2019,ADP,29/3/2019,132,Put,0.6,0.85,0.2422,-0.1112,0.0147,-0.024,0.1037,-0.021,68.72393701
9/2/2019,ADP,29/3/2019,137,Call,10.4,11.2,0.2036,0.8528,0.0239,-0.0371,0.1216,0.1024,68.72393701
9/2/2019,ADP,29/3/2019,137,Put,1.2,1.6,0.2272,-0.1988,0.0232,-0.0327,0.1511,-0.0367,68.72393701
9/2/2019,ADP,29/3/2019,141,Call,7.5,8,0.2056,0.7292,0.0329,-0.0477,0.1759,0.1002,68.72393701
9/2/2019,ADP,29/3/2019,141,Put,2.05,2.55,0.2156,-0.3016,0.0306,-0.0382,0.186,-0.0543,68.72393701
9/2/2019,ADP,29/3/2019,144,Call,5.4,5.7,0.1929,0.6278,0.0394,-0.049,0.2017,0.0941,68.72393701
9/2/2019,ADP,29/3/2019,144,Put,2.9,3.4,0.2018,-0.3964,0.0363,-0.0388,0.2074,-0.0691,68.72393701
9/2/2019,ADP,29/3/2019,147,Call,3.6,4,0.1865,0.5056,0.0421,-0.0478,0.2122,0.082,68.72393701
9/2/2019,ADP,29/3/2019,147,Put,4,4.7,0.1906,-0.5105,0.04,-0.0368,0.2136,-0.0854,68.72393701
9/2/2019,ADP,29/3/2019,150,Call,2.2,2.6,0.1791,0.3785,0.0411,-0.0423,0.2035,0.0656,68.72393701
9/2/2019,ADP,29/3/2019,150,Put,5.8,6.4,0.1889,-0.6276,0.0386,-0.0332,0.2045,-0.1003,68.72393701
9/2/2019,ADP,29/3/2019,152.5,Call,1.35,1.65,0.1717,0.2756,0.0372,-0.0348,0.1828,0.0498,68.72393701
9/2/2019,ADP,29/3/2019,152.5,Put,7.4,8.1,0.184,-0.7221,0.0354,-0.0269,0.1785,-0.1101,68.72393701
9/2/2019,ADP,29/3/2019,157.5,Call,0.4,0.6,0.1632,0.1193,0.023,-0.0191,0.1096,0.0228,68.72393701
9/2/2019,ADP,29/3/2019,157.5,Put,11.5,12.1,0.183,-0.8638,0.0236,-0.0133,0.1211,-0.12,68.72393701
9/2/2019,ADP,29/3/2019,162.5,Call,0,0.35,0.1956,0.0795,0.0142,-0.0166,0.0791,0.0151,68.72393701
9/2/2019,ADP,29/3/2019,162.5,Put,15.1,18.6,0.2721,-0.8469,0.0169,-0.0266,0.1292,-0.1274,68.72393701
9/2/2019,ADP,29/3/2019,170,Call,0,0.1,0.2968,0.0947,0.0106,-0.0283,0.0902,0.0176,68.72393701
9/2/2019,ADP,29/3/2019,170,Put,22.9,26.2,0.3274,-0.8881,0.0114,-0.0245,0.1041,-0.1345,68.72393701
9/2/2019,ADS,15/2/2019,140,Call,21.5,26.1,0.4387,0.9963,0.0011,-0.0177,0.0025,0.0267,68.72393701
9/2/2019,ADS,15/2/2019,140,Put,0,0.3,0.3683,-0.0007,0.0003,-0.0015,0.0006,0,68.72393701
9/2/2019,ADS,15/2/2019,150,Call,12,16.4,0.4387,0.9383,0.0122,-0.0967,0.0277,0.0267,68.72393701
9/2/2019,ADS,15/2/2019,150,Put,0.1,0.45,0.3683,-0.0341,0.009,-0.0449,0.0172,-0.0011,68.72393701
9/2/2019,ADS,15/2/2019,155,Call,9.5,11,0.4387,0.8414,0.0243,-0.1816,0.055,0.0245,68.72393701
9/2/2019,ADS,15/2/2019,155,Put,0.35,0.65,0.3683,-0.1186,0.0238,-0.1178,0.0449,-0.0036,68.72393701
9/2/2019,ADS,15/2/2019,160,Call,5.3,6,0.3288,0.732,0.0441,-0.1842,0.0749,0.022,68.72393701
9/2/2019,ADS,15/2/2019,160,Put,1.15,1.6,0.3446,-0.2769,0.0429,-0.1853,0.0766,-0.0082,68.72393701
9/2/2019,ADS,15/2/2019,165,Call,2.15,2.7,0.2986,0.4731,0.0586,-0.1986,0.0905,0.0144,68.72393701
9/2/2019,ADS,15/2/2019,165,Put,2.65,3.6,0.3091,-0.5266,0.0571,-0.1956,0.0909,-0.0147,68.72393701
9/2/2019,ADS,15/2/2019,170,Call,0.65,0.95,0.2964,0.213,0.0431,-0.1425,0.0661,0.0066,68.72393701
9/2/2019,ADS,15/2/2019,170,Put,5.7,6.9,0.279,-0.8051,0.0444,-0.1181,0.0643,-0.019,68.72393701
9/2/2019,ADS,15/2/2019,175,Call,0.1,0.3,0.2964,0.0664,0.0191,-0.0629,0.0293,0.0021,68.72393701
9/2/2019,ADS,15/2/2019,175,Put,9.3,13.5,0.279,-0.9509,0.018,-0.0401,0.0241,-0.0143,68.72393701
9/2/2019,ADS,15/2/2019,180,Call,0,0.15,0.2964,0.0143,0.0054,-0.0177,0.0083,0.0004,68.72393701
9/2/2019,ADS,15/2/2019,180,Put,13.9,18.5,0.279,-0.9985,0.0034,-0.0004,0.002,-0.0001,68.72393701
9/2/2019,ADS,15/2/2019,190,Call,0,0.25,0.2964,0.0002,0.0001,-0.0004,0.0002,0,68.72393701
9/2/2019,ADS,15/2/2019,190,Put,24,28.5,0.279,-1,0,0,0,0,68.72393701
9/2/2019,ADS,15/3/2019,140,Call,22.9,27.5,0.4226,0.9098,0.0087,-0.0656,0.0881,0.086,68.72393701
9/2/2019,ADS,15/3/2019,140,Put,0.45,0.85,0.3696,-0.0739,0.0075,-0.0367,0.0726,-0.0115,68.72393701
9/2/2019,ADS,15/3/2019,150,Call,15.2,16.4,0.332,0.8304,0.0163,-0.0745,0.1272,0.0924,68.72393701
9/2/2019,ADS,15/3/2019,150,Put,1.35,2,0.3301,-0.1766,0.0156,-0.0602,0.1319,-0.0269,68.72393701
9/2/2019,ADS,15/3/2019,155,Call,11.2,12.4,0.3167,0.7397,0.0211,-0.0854,0.1648,0.0967,68.72393701
9/2/2019,ADS,15/3/2019,155,Put,2.35,3.1,0.3169,-0.2652,0.0206,-0.0726,0.1666,-0.0396,68.72393701
9/2/2019,ADS,15/3/2019,160,Call,7.8,8.3,0.2891,0.6298,0.0263,-0.0875,0.1916,0.0877,68.72393701
9/2/2019,ADS,15/3/2019,160,Put,3.8,4.6,0.3007,-0.3771,0.0252,-0.0789,0.1923,-0.0548,68.72393701
9/2/2019,ADS,15/3/2019,165,Call,5.1,5.9,0.2931,0.4941,0.0271,-0.0907,0.2028,0.072,68.72393701
9/2/2019,ADS,15/3/2019,165,Put,5.9,6.8,0.289,-0.51,0.0277,-0.0785,0.2025,-0.0709,68.72393701
9/2/2019,ADS,15/3/2019,170,Call,2.9,3.3,0.2699,0.3512,0.0272,-0.0767,0.1882,0.0524,68.72393701
9/2/2019,ADS,15/3/2019,170,Put,8.7,9.8,0.2808,-0.6471,0.0268,-0.0693,0.187,-0.084,68.72393701
9/2/2019,ADS,15/3/2019,175,Call,1.6,1.95,0.2692,0.2324,0.0224,-0.0621,0.1547,0.0347,68.72393701
9/2/2019,ADS,15/3/2019,175,Put,12.3,13.5,0.2794,-0.7659,0.0226,-0.0549,0.1576,-0.0904,68.72393701
9/2/2019,ADS,15/3/2019,180,Call,0.8,1.3,0.2771,0.15,0.0166,-0.0485,0.1181,0.0225,68.72393701
9/2/2019,ADS,15/3/2019,180,Put,15.6,19,0.2988,-0.8386,0.0171,-0.0452,0.123,-0.0914,68.72393701
9/2/2019,ADS,15/3/2019,190,Call,0.15,0.3,0.2771,0.0478,0.0071,-0.0205,0.0504,0.0072,68.72393701
9/2/2019,ADS,15/3/2019,190,Put,24.5,29,0.2988,-0.9484,0.0079,-0.0132,0.0565,-0.0787,68.72393701
9/2/2019,ADSK,22/2/2019,131,Call,22.7,23.85,0.3044,0.9974,0.0009,-0.0118,0.0024,0.05,68.72393701
9/2/2019,ADSK,22/2/2019,131,Put,0,0.11,0.4013,-0.0163,0.0034,-0.0175,0.0123,-0.001,68.72393701
9/2/2019,ADSK,22/2/2019,139,Call,14.9,16.05,0.3412,0.9465,0.0106,-0.0492,0.0329,0.05,68.72393701
9/2/2019,ADSK,22/2/2019,139,Put,0.25,0.56,0.351,-0.0583,0.011,-0.0435,0.0352,-0.0036,68.72393701
9/2/2019,ADSK,22/2/2019,144,Call,10.45,11.55,0.309,0.8829,0.0211,-0.0744,0.0594,0.048,68.72393701
9/2/2019,ADSK,22/2/2019,144,Put,0.55,0.65,0.3174,-0.1231,0.0212,-0.0684,0.0615,-0.0075,68.72393701
9/2/2019,ADSK,22/2/2019,148,Call,7,7.75,0.267,0.8005,0.0347,-0.0887,0.0844,0.0445,68.72393701
9/2/2019,ADSK,22/2/2019,148,Put,1.11,1.36,0.3027,-0.2265,0.0331,-0.0965,0.0943,-0.0127,68.72393701
9/2/2019,ADSK,22/2/2019,150,Call,5.85,6.2,0.2807,0.7125,0.0402,-0.1106,0.103,0.0398,68.72393701
9/2/2019,ADSK,22/2/2019,150,Put,1.55,1.84,0.2925,-0.295,0.0393,-0.1064,0.1065,-0.0163,68.72393701
9/2/2019,ADSK,22/2/2019,155,Call,2.68,2.99,0.2565,0.4823,0.0514,-0.1154,0.1204,0.0274,68.72393701
9/2/2019,ADSK,22/2/2019,155,Put,3.4,3.7,0.2702,-0.5177,0.0494,-0.1117,0.1207,-0.027,68.72393701
9/2/2019,ADSK,22/2/2019,157.5,Call,1.62,1.89,0.2494,0.3539,0.0494,-0.1038,0.1123,0.0203,68.72393701
9/2/2019,ADSK,22/2/2019,157.5,Put,4.85,5.15,0.2664,-0.639,0.0473,-0.1022,0.1148,-0.0316,68.72393701
9/2/2019,ADSK,22/2/2019,160,Call,0.88,1.12,0.2435,0.2372,0.042,-0.0837,0.0933,0.0136,68.72393701
9/2/2019,ADSK,22/2/2019,160,Put,6.5,7.15,0.2712,-0.7421,0.0404,-0.0883,0.0996,-0.0343,68.72393701
9/2/2019,ADSK,22/2/2019,165,Call,0.28,0.35,0.249,0.0918,0.0219,-0.0453,0.0498,0.0053,68.72393701
9/2/2019,ADSK,22/2/2019,165,Put,10.25,11.75,0.2689,-0.8973,0.0238,-0.0456,0.0555,-0.0315,68.72393701
9/2/2019,ADSK,22/2/2019,170,Call,0.04,0.36,0.25,0.0266,0.0081,-0.0169,0.0186,0.0015,68.72393701
9/2/2019,ADSK,22/2/2019,170,Put,15.1,16.5,0.2703,-0.9734,0.0107,-0.0138,0.0199,-0.0167,68.72393701
9/2/2019,ADSK,22/2/2019,177.5,Call,0,0.04,0.25,0.0024,0.001,-0.0021,0.0023,0.0001,68.72393701
9/2/2019,ADSK,22/2/2019,177.5,Put,22.3,24.3,0.2703,-1,0,0,0,0,68.72393701
9/2/2019,ADSK,8/3/2019,131,Call,24.3,25.5,0.5284,0.886,0.0085,-0.0856,0.0824,0.0857,68.72393701
9/2/2019,ADSK,8/3/2019,131,Put,1.4,1.71,0.554,-0.1235,0.0087,-0.0852,0.0889,-0.0148,68.72393701
9/2/2019,ADSK,8/3/2019,139,Call,17.8,18.85,0.5145,0.7934,0.013,-0.1194,0.122,0.0798,68.72393701
9/2/2019,ADSK,8/3/2019,139,Put,2.76,3.05,0.5272,-0.2113,0.0129,-0.1146,0.1218,-0.025,68.72393701
9/2/2019,ADSK,8/3/2019,144,Call,14.2,14.95,0.4997,0.7201,0.0158,-0.1351,0.1438,0.074,68.72393701
9/2/2019,ADSK,8/3/2019,144,Put,3.25,4.4,0.4881,-0.2767,0.0162,-0.1223,0.1415,-0.0323,68.72393701
9/2/2019,ADSK,8/3/2019,148,Call,11.65,12.2,0.4924,0.6513,0.0176,-0.1452,0.1581,0.0679,68.72393701
9/2/2019,ADSK,8/3/2019,148,Put,5.3,5.6,0.4996,-0.3508,0.0175,-0.1383,0.1607,-0.0405,68.72393701
9/2/2019,ADSK,8/3/2019,150,Call,10.4,10.9,0.4853,0.6151,0.0184,-0.1475,0.1633,0.0646,68.72393701
9/2/2019,ADSK,8/3/2019,150,Put,6.05,6.4,0.4953,-0.387,0.0182,-0.1413,0.1623,-0.0445,68.72393701
9/2/2019,ADSK,8/3/2019,155,Call,7.65,8.15,0.4744,0.5186,0.0197,-0.1494,0.1703,0.0553,68.72393701
9/2/2019,ADSK,8/3/2019,155,Put,8.25,8.6,0.4809,-0.4824,0.0196,-0.1418,0.1703,-0.0543,68.72393701
9/2/2019,ADSK,8/3/2019,157.5,Call,6.35,6.95,0.4658,0.4685,0.02,-0.146,0.1699,0.0503,68.72393701
9/2/2019,ADSK,8/3/2019,157.5,Put,9.55,10.05,0.4796,-0.5308,0.0196,-0.1406,0.1702,-0.059,68.72393701
9/2/2019,ADSK,8/3/2019,160,Call,5.5,5.8,0.4648,0.42,0.0197,-0.1428,0.167,0.0454,68.72393701
9/2/2019,ADSK,8/3/2019,160,Put,11,11.55,0.4775,-0.5786,0.0194,-0.1372,0.1683,-0.0634,68.72393701
9/2/2019,ADSK,8/3/2019,165,Call,3.65,4.05,0.4537,0.3246,0.0186,-0.1278,0.1537,0.0355,68.72393701
9/2/2019,ADSK,8/3/2019,165,Put,13.65,15.05,0.4593,-0.6758,0.0186,-0.1198,0.1518,-0.0705,68.72393701
9/2/2019,ADSK,8/3/2019,170,Call,2.44,2.89,0.4556,0.2454,0.0162,-0.1119,0.1345,0.027,68.72393701
9/2/2019,ADSK,8/3/2019,170,Put,17.35,18.65,0.4494,-0.7622,0.0165,-0.0993,0.1349,-0.0746,68.72393701
9/2/2019,ADSK,8/3/2019,177.5,Call,1.15,1.4,0.4381,0.1407,0.0119,-0.0761,0.0954,0.0157,68.72393701
9/2/2019,ADSK,8/3/2019,177.5,Put,23.9,25.25,0.475,-0.8425,0.0123,-0.0801,0.1044,-0.0758,68.72393701
9/2/2019,ADSK,29/3/2019,137,Call,20.35,21.9,0.4605,0.7912,0.011,-0.0836,0.1623,0.1354,68.72393701
9/2/2019,ADSK,29/3/2019,137,Put,3.15,3.45,0.4577,-0.208,0.0112,-0.0737,0.1646,-0.0431,68.72393701
9/2/2019,ADSK,29/3/2019,139,Call,18.85,19.85,0.4413,0.7731,0.0121,-0.0839,0.1703,0.134,68.72393701
9/2/2019,ADSK,29/3/2019,139,Put,3.5,3.85,0.4473,-0.23,0.0121,-0.0761,0.1704,-0.0475,68.72393701
9/2/2019,ADSK,29/3/2019,144,Call,14.85,16.05,0.4158,0.7099,0.0146,-0.0889,0.1934,0.1262,68.72393701
9/2/2019,ADSK,29/3/2019,144,Put,4.65,5.1,0.4268,-0.2947,0.0144,-0.082,0.1943,-0.06,68.72393701
9/2/2019,ADSK,29/3/2019,148,Call,12.65,13.4,0.4184,0.645,0.0157,-0.0961,0.2104,0.116,68.72393701
9/2/2019,ADSK,29/3/2019,148,Put,6.3,6.6,0.4288,-0.3584,0.0156,-0.0889,0.2121,-0.0722,68.72393701
9/2/2019,ADSK,29/3/2019,150,Call,11.5,12.1,0.4142,0.6124,0.0164,-0.0975,0.2164,0.1109,68.72393701
9/2/2019,ADSK,29/3/2019,150,Put,7,7.35,0.4223,-0.3903,0.0162,-0.0897,0.2181,-0.0779,68.72393701
9/2/2019,ADSK,29/3/2019,155,Call,8.35,9.25,0.3938,0.5261,0.0179,-0.0957,0.225,0.0971,68.72393701
9/2/2019,ADSK,29/3/2019,155,Put,9.15,9.7,0.4129,-0.4749,0.0173,-0.0902,0.2249,-0.0927,68.72393701
9/2/2019,ADSK,29/3/2019,157.5,Call,7.35,8.05,0.3944,0.4819,0.0179,-0.0955,0.2252,0.0894,68.72393701
9/2/2019,ADSK,29/3/2019,157.5,Put,10.25,11,0.4046,-0.5191,0.0177,-0.0879,0.2249,-0.0997,68.72393701
9/2/2019,ADSK,29/3/2019,160,Call,6.45,7,0.3957,0.4391,0.0176,-0.0944,0.2228,0.0818,68.72393701
9/2/2019,ADSK,29/3/2019,160,Put,11.75,12.4,0.4027,-0.5624,0.0176,-0.086,0.2225,-0.1063,68.72393701
9/2/2019,ADSK,29/3/2019,165,Call,4.65,5.1,0.389,0.3541,0.0169,-0.0871,0.2102,0.0667,68.72393701
9/2/2019,ADSK,29/3/2019,165,Put,14.95,15.45,0.3951,-0.6477,0.017,-0.0784,0.2109,-0.1173,68.72393701
9/2/2019,ADSK,29/3/2019,170,Call,3.2,3.8,0.3868,0.2782,0.0154,-0.0777,0.1896,0.0529,68.72393701
9/2/2019,ADSK,29/3/2019,170,Put,18.05,19.2,0.3827,-0.731,0.0158,-0.0662,0.1911,-0.1235,68.72393701
9/2/2019,ADSK,29/3/2019,177.5,Call,1.65,2.36,0.3815,0.1821,0.0123,-0.0601,0.1494,0.035,68.72393701
9/2/2019,ADSK,29/3/2019,177.5,Put,24,25.3,0.3755,-0.8316,0.0127,-0.0475,0.1412,-0.122,68.72393701
9/2/2019,AEE,15/2/2019,60,Call,9.9,10.8,0.179,1,0,-0.0042,0,0.0115,68.72393701
9/2/2019,AEE,15/2/2019,60,Put,0,0.35,0.1929,0,0,0,0,0,68.72393701
9/2/2019,AEE,15/2/2019,65,Call,5,5.9,0.179,0.9995,0.001,-0.0048,0.0002,0.0124,68.72393701
9/2/2019,AEE,15/2/2019,65,Put,0.05,0.25,0.1929,-0.0011,0.002,-0.0005,0.0004,0,68.72393701
9/2/2019,AEE,15/2/2019,70,Call,0.9,1.05,0.179,0.6188,0.2183,-0.0506,0.0372,0.0082,68.72393701
9/2/2019,AEE,15/2/2019,70,Put,0.4,0.65,0.1929,-0.3901,0.2054,-0.0501,0.0375,-0.0047,68.72393701
9/2/2019,AEE,15/2/2019,75,Call,0,0.4,0.179,0.0065,0.0105,-0.0023,0.0018,0.0001,68.72393701
9/2/2019,AEE,15/2/2019,75,Put,4.2,5.1,0.1929,-1,0.0041,0,0.0002,0,68.72393701
9/2/2019,AEE,15/2/2019,80,Call,0,0.4,0.179,0,0,0,0,0,68.72393701
9/2/2019,AEE,15/2/2019,80,Put,8.8,10.6,0.1929,-1,0,0,0,0,68.72393701
9/2/2019,AEE,15/3/2019,60,Call,10,11,0.2069,0.9974,0.0019,-0.0047,0.002,0.0457,68.72393701
9/2/2019,AEE,15/3/2019,60,Put,0,1,0.1953,-0.0044,0.003,-0.0008,0.0028,-0.0003,68.72393701
9/2/2019,AEE,15/3/2019,65,Call,5.3,6.2,0.2069,0.9211,0.0354,-0.0143,0.0324,0.0459,68.72393701
9/2/2019,AEE,15/3/2019,65,Put,0.15,0.25,0.1953,-0.0976,0.0409,-0.01,0.0391,-0.0063,68.72393701
9/2/2019,AEE,15/3/2019,70,Call,1.45,1.7,0.1543,0.5831,0.1252,-0.0228,0.083,0.0319,68.72393701
9/2/2019,AEE,15/3/2019,70,Put,1.15,1.45,0.1592,-0.474,0.1167,-0.0174,0.0862,-0.0293,68.72393701
9/2/2019,AEE,15/3/2019,75,Call,0.05,0.15,0.2161,0.1783,0.0577,-0.0189,0.0565,0.0105,68.72393701
9/2/2019,AEE,15/3/2019,75,Put,4.7,5.8,0.2161,-0.8356,0.0535,-0.0123,0.0542,-0.0515,68.72393701
9/2/2019,AEE,15/3/2019,80,Call,0,0.15,0.2161,0.0273,0.0137,-0.0044,0.0149,0.0017,68.72393701
9/2/2019,AEE,15/3/2019,80,Put,9.4,10.8,0.2161,-0.9751,0.0126,0,0.0139,-0.0608,68.72393701
9/2/2019,AEP,15/2/2019,67.5,Call,12.3,12.6,0.1177,1,0,-0.0047,0,0.0129,68.72393701
9/2/2019,AEP,15/2/2019,67.5,Put,0,0.05,0.1361,0,0,0,0,0,68.72393701
9/2/2019,AEP,15/2/2019,72.5,Call,7.3,7.8,0.1177,1,0,-0.0051,0,0.0139,68.72393701
9/2/2019,AEP,15/2/2019,72.5,Put,0,0.1,0.1361,0,0,0,0,0,68.72393701
9/2/2019,AEP,15/2/2019,75,Call,4.9,5.5,0.1177,1,0.0001,-0.0053,0,0.0144,68.72393701
9/2/2019,AEP,15/2/2019,75,Put,0,0.1,0.1361,-0.0003,0.0006,-0.0001,0.0001,0,68.72393701
9/2/2019,AEP,15/2/2019,77.5,Call,2.45,2.7,0.1177,0.9774,0.0412,-0.0103,0.006,0.0145,68.72393701
9/2/2019,AEP,15/2/2019,77.5,Put,0.05,0.15,0.1361,-0.0415,0.0589,-0.0093,0.0098,-0.0006,68.72393701
9/2/2019,AEP,15/2/2019,80,Call,0.5,0.6,0.1177,0.5213,0.3056,-0.04,0.0441,0.0079,68.72393701
9/2/2019,AEP,15/2/2019,80,Put,0.5,0.65,0.1361,-0.4832,0.2676,-0.0408,0.0441,-0.0063,68.72393701
9/2/2019,AEP,15/2/2019,82.5,Call,0,0.1,0.1177,0.0332,0.0568,-0.0071,0.0082,0.0005,68.72393701
9/2/2019,AEP,15/2/2019,82.5,Put,2.4,2.65,0.1361,-0.9566,0.0809,-0.0076,0.0113,-0.0049,68.72393701
9/2/2019,AEP,15/2/2019,85,Call,0,0.05,0.1177,0.0001,0.0004,0,0.0001,0,68.72393701
9/2/2019,AEP,15/2/2019,85,Put,4.9,5.2,0.1361,-1,0,0,0,0,68.72393701
9/2/2019,AEP,15/2/2019,87.5,Call,0,0.05,0.1177,0,0,0,0,0,68.72393701
9/2/2019,AEP,15/2/2019,87.5,Put,7.4,7.7,0.1361,-1,0,0,0,0,68.72393701
9/2/2019,AEP,15/2/2019,90,Call,0,0.05,0.1177,0,0,0,0,0,68.72393701
9/2/2019,AEP,15/2/2019,90,Put,9.9,10.2,0.1361,-1,0,0,0,0,68.72393701
9/2/2019,AEP,15/3/2019,67.5,Call,12.5,12.8,0.1766,0.9993,0.0006,-0.0049,0.0006,0.0644,68.72393701
9/2/2019,AEP,15/3/2019,67.5,Put,0,0.15,0.1766,-0.0007,0.0006,-0.0002,0.0006,-0.0001,68.72393701
9/2/2019,AEP,15/3/2019,72.5,Call,7.6,7.9,0.1766,0.9698,0.0156,-0.0092,0.0169,0.0669,68.72393701
9/2/2019,AEP,15/3/2019,72.5,Put,0.05,0.15,0.1766,-0.0302,0.0156,-0.0041,0.0169,-0.0024,68.72393701
9/2/2019,AEP,15/3/2019,75,Call,5.3,5.5,0.1705,0.9034,0.0405,-0.015,0.0424,0.0641,68.72393701
9/2/2019,AEP,15/3/2019,75,Put,0.2,0.3,0.1823,-0.1115,0.0423,-0.0117,0.0487,-0.0081,68.72393701
9/2/2019,AEP,15/3/2019,77.5,Call,3,3.3,0.1438,0.7872,0.0816,-0.019,0.0719,0.0573,68.72393701
9/2/2019,AEP,15/3/2019,77.5,Put,0.45,0.6,0.1547,-0.2305,0.0802,-0.0155,0.0763,-0.016,68.72393701
9/2/2019,AEP,15/3/2019,80,Call,1.4,1.5,0.1357,0.534,0.1182,-0.022,0.0984,0.0395,68.72393701
9/2/2019,AEP,15/3/2019,80,Put,1.25,1.35,0.141,-0.4734,0.1171,-0.0177,0.0983,-0.0299,68.72393701
9/2/2019,AEP,15/3/2019,82.5,Call,0.4,0.5,0.1277,0.2449,0.0994,-0.0156,0.0778,0.0183,68.72393701
9/2/2019,AEP,15/3/2019,82.5,Put,2.65,2.9,0.1277,-0.775,0.1062,-0.0106,0.075,-0.0359,68.72393701
9/2/2019,AEP,15/3/2019,85,Call,0.05,0.15,0.1277,0.074,0.0443,-0.0067,0.0347,0.0056,68.72393701
9/2/2019,AEP,15/3/2019,85,Put,4.9,5.2,0.1277,-0.966,0.0542,-0.002,0.022,-0.0104,68.72393701
9/2/2019,AEP,15/3/2019,90,Call,0,0.05,0.1277,0.0019,0.0019,-0.0003,0.0015,0.0001,68.72393701
9/2/2019,AEP,15/3/2019,90,Put,9.9,10.2,0.1277,-1,0,0,0,0,68.72393701
9/2/2019,AES,15/2/2019,15,Call,2.15,2.25,0.1702,1,0,-0.001,0,0.0029,68.72393701
9/2/2019,AES,15/2/2019,15,Put,0,0.05,0.1702,0,0,0,0,0,68.72393701
9/2/2019,AES,15/2/2019,16,Call,1.15,1.3,0.1702,0.9992,0.0068,-0.0012,0.0001,0.0031,68.72393701
9/2/2019,AES,15/2/2019,16,Put,0,0.05,0.1702,-0.0008,0.0068,-0.0001,0.0001,0,68.72393701
9/2/2019,AES,15/2/2019,17,Call,0.25,0.35,0.1702,0.7185,0.8322,-0.0106,0.008,0.0023,68.72393701
9/2/2019,AES,15/2/2019,17,Put,0.05,0.15,0.1702,-0.2822,0.8385,-0.0095,0.008,-0.0009,68.72393701
9/2/2019,AES,15/2/2019,18,Call,0,0.05,0.1702,0.0323,0.1782,-0.0021,0.0017,0.0001,68.72393701
9/2/2019,AES,15/2/2019,18,Put,0.75,0.9,0.1702,-0.9796,0.1944,-0.0011,0.0014,-0.0007,68.72393701
9/2/2019,AES,15/2/2019,19,Call,0,0.05,0.1702,0,0.0002,0,0,0,68.72393701
9/2/2019,AES,15/2/2019,19,Put,1.75,1.85,0.1702,-1,0,0,0,0,68.72393701
9/2/2019,AES,15/2/2019,20,Call,0,0.05,0.1702,0,0,0,0,0,68.72393701
9/2/2019,AES,15/2/2019,20,Put,2.75,2.85,0.1702,-1,0,0,0,0,68.72393701
9/2/2019,AES,15/3/2019,15,Call,2.2,2.35,0.2338,0.976,0.0453,-0.002,0.003,0.0139,68.72393701
9/2/2019,AES,15/3/2019,15,Put,0,0.1,0.2338,-0.024,0.0453,-0.001,0.003,-0.0004,68.72393701
9/2/2019,AES,15/3/2019,16,Call,1.3,1.4,0.2338,0.8612,0.1776,-0.0049,0.0118,0.0129,68.72393701
9/2/2019,AES,15/3/2019,16,Put,0.1,0.2,0.2338,-0.139,0.179,-0.0038,0.0122,-0.0022,68.72393701
9/2/2019,AES,15/3/2019,17,Call,0.6,0.65,0.229,0.5993,0.3168,-0.0074,0.0206,0.0093,68.72393701
9/2/2019,AES,15/3/2019,17,Put,0.35,0.45,0.2455,-0.408,0.3006,-0.0068,0.0208,-0.006,68.72393701
9/2/2019,AES,15/3/2019,18,Call,0.15,0.25,0.2216,0.2824,0.2862,-0.006,0.018,0.0045,68.72393701
9/2/2019,AES,15/3/2019,18,Put,0.9,1.05,0.2392,-0.7093,0.2798,-0.0056,0.0187,-0.0089,68.72393701
9/2/2019,AES,15/3/2019,19,Call,0,0.1,0.2216,0.0862,0.1332,-0.0028,0.0084,0.0014,68.72393701
9/2/2019,AES,15/3/2019,19,Put,1.75,1.9,0.2392,-0.9117,0.1516,-0.0023,0.0089,-0.0071,68.72393701
9/2/2019,AES,15/3/2019,20,Call,0,0.05,0.2216,0.0173,0.0363,-0.0007,0.0023,0.0003,68.72393701
9/2/2019,AES,15/3/2019,20,Put,2.75,2.85,0.2392,-0.9986,0.0261,0,0.0004,0,68.72393701
9/2/2019,AFL,22/2/2019,41,Call,6.85,7.8,0.1923,1,0,-0.0028,0,0.0078,68.72393701
9/2/2019,AFL,22/2/2019,41,Put,0,0.1,0.2044,0,0.0001,0,0,0,68.72393701
9/2/2019,AFL,22/2/2019,43.5,Call,4.45,4.8,0.1923,0.9998,0.0006,-0.0031,0.0001,0.0083,68.72393701
9/2/2019,AFL,22/2/2019,43.5,Put,0,0.14,0.2044,-0.007,0.0102,-0.0013,0.0018,-0.0001,68.72393701
9/2/2019,AFL,22/2/2019,45,Call,2.66,3.4,0.1923,0.9883,0.0223,-0.0057,0.003,0.0086,68.72393701
9/2/2019,AFL,22/2/2019,45,Put,0.05,0.13,0.2044,-0.0537,0.0569,-0.0073,0.0102,-0.001,68.72393701
9/2/2019,AFL,22/2/2019,46.5,Call,1.53,1.96,0.1591,0.9197,0.1288,-0.0132,0.0136,0.0088,68.72393701
9/2/2019,AFL,22/2/2019,46.5,Put,0.16,0.23,0.1877,-0.1959,0.158,-0.0168,0.0267,-0.0034,68.72393701
9/2/2019,AFL,22/2/2019,47,Call,1.26,1.43,0.1747,0.8054,0.2083,-0.0226,0.0242,0.0085,68.72393701
9/2/2019,AFL,22/2/2019,47,Put,0.23,0.32,0.1731,-0.2715,0.2057,-0.0185,0.0314,-0.0046,68.72393701
9/2/2019,AFL,22/2/2019,48,Call,0.53,0.66,0.152,0.5554,0.3295,-0.0258,0.0355,0.0071,68.72393701
9/2/2019,AFL,22/2/2019,48,Put,0.45,0.72,0.1494,-0.5101,0.2888,-0.0185,0.0374,-0.008,68.72393701
9/2/2019,AFL,22/2/2019,49,Call,0.12,0.21,0.1376,0.2337,0.262,-0.0164,0.0285,0.0036,68.72393701
9/2/2019,AFL,22/2/2019,49,Put,0.98,1.32,0.1142,-0.8396,0.2391,-0.0069,0.0239,-0.0105,68.72393701
9/2/2019,AFL,22/2/2019,50,Call,0,0.08,0.21,0.1633,0.1296,-0.0185,0.0232,0.0028,68.72393701
9/2/2019,AFL,22/2/2019,50,Put,1.82,2.61,0.21,-0.8455,0.1245,-0.0143,0.0224,-0.0113,68.72393701
9/2/2019,AFL,22/2/2019,51.5,Call,0,0.06,0.2191,0.0505,0.0506,-0.0078,0.0098,0.0009,68.72393701
9/2/2019,AFL,22/2/2019,51.5,Put,3.4,3.8,0.2191,-0.9548,0.049,-0.004,0.0095,-0.011,68.72393701
9/2/2019,AFL,22/2/2019,52.5,Call,0,0.05,0.3781,0.1178,0.0561,-0.0256,0.0182,0.0021,68.72393701
9/2/2019,AFL,22/2/2019,52.5,Put,4.45,5.05,0.3781,-0.8856,0.0559,-0.0218,0.0179,-0.0123,68.72393701
9/2/2019,AFL,22/2/2019,55,Call,0,0.04,0.3781,0.0349,0.0217,-0.0099,0.0072,0.0006,68.72393701
9/2/2019,AFL,22/2/2019,55,Put,6.35,7.5,0.3781,-0.9683,0.021,-0.0057,0.0069,-0.0118,68.72393701
9/2/2019,AFL,8/3/2019,41,Call,6.4,9.5,0.1733,1,0,-0.0028,0,0.0077,68.72393701
9/2/2019,AFL,8/3/2019,41,Put,0,0.24,0.2105,-0.0031,0.0034,-0.0005,0.0013,-0.0001,68.72393701
9/2/2019,AFL,8/3/2019,43.5,Call,4,7.15,0.1733,0.9993,0.0019,-0.0032,0.0004,0.0083,68.72393701
9/2/2019,AFL,8/3/2019,43.5,Put,0.04,0.25,0.2105,-0.0428,0.0326,-0.0044,0.0121,-0.0016,68.72393701
9/2/2019,AFL,8/3/2019,45,Call,2.79,3.75,0.1733,0.9698,0.049,-0.0076,0.0093,0.0107,68.72393701
9/2/2019,AFL,8/3/2019,45,Put,0.14,0.28,0.2105,-0.1279,0.0753,-0.0101,0.0285,-0.0045,68.72393701
9/2/2019,AFL,8/3/2019,46.5,Call,1.78,2.36,0.2201,0.7314,0.1347,-0.0228,0.0437,0.0196,68.72393701
9/2/2019,AFL,8/3/2019,46.5,Put,0.34,0.48,0.1882,-0.2637,0.1321,-0.0138,0.0439,-0.0089,68.72393701
9/2/2019,AFL,8/3/2019,47,Call,1.41,1.68,0.1798,0.6987,0.1769,-0.0202,0.046,0.0191,68.72393701
9/2/2019,AFL,8/3/2019,47,Put,0.47,0.61,0.1823,-0.3309,0.1517,-0.0147,0.0486,-0.0109,68.72393701
9/2/2019,AFL,8/3/2019,48,Call,0.73,0.93,0.1554,0.5186,0.211,-0.0177,0.0524,0.0168,68.72393701
9/2/2019,AFL,8/3/2019,48,Put,0.78,0.98,0.1652,-0.4953,0.1858,-0.0142,0.0529,-0.0153,68.72393701
9/2/2019,AFL,8/3/2019,49,Call,0.29,0.45,0.1432,0.3099,0.1887,-0.0132,0.0472,0.0111,68.72393701
9/2/2019,AFL,8/3/2019,49,Put,1.23,1.59,0.1498,-0.6931,0.1857,-0.0107,0.0463,-0.0185,68.72393701
9/2/2019,AFL,8/3/2019,50,Call,0.11,0.2,0.1437,0.1573,0.1266,-0.0087,0.0326,0.0058,68.72393701
9/2/2019,AFL,8/3/2019,50,Put,2.04,2.48,0.1694,-0.8144,0.1291,-0.0088,0.0367,-0.0189,68.72393701
9/2/2019,AFL,8/3/2019,51.5,Call,0,0.66,0.3256,0.2313,0.0705,-0.0242,0.0404,0.0081,68.72393701
9/2/2019,AFL,8/3/2019,51.5,Put,2.95,3.95,0.3256,-0.7747,0.072,-0.0211,0.041,-0.0218,68.72393701
9/2/2019,AFL,8/3/2019,53,Call,0,0.06,0.4805,0.2488,0.0499,-0.037,0.0424,0.0085,68.72393701
9/2/2019,AFL,8/3/2019,53,Put,4.35,7.55,0.4805,-0.7546,0.0504,-0.0337,0.042,-0.0235,68.72393701
9/2/2019,AFL,8/3/2019,55,Call,0,0.05,0.4805,0.1692,0.0397,-0.0293,0.033,0.0058,68.72393701
9/2/2019,AFL,8/3/2019,55,Put,6.7,8.4,0.4805,-0.8353,0.0403,-0.0259,0.0325,-0.0238,68.72393701
9/2/2019,AFL,29/3/2019,41.5,Call,6.45,6.95,0.1903,0.9996,0.001,-0.0031,0.0003,0.0081,68.72393701
9/2/2019,AFL,29/3/2019,41.5,Put,0.08,0.16,0.2062,-0.0235,0.0153,-0.002,0.0097,-0.0016,68.72393701
9/2/2019,AFL,29/3/2019,43.5,Call,4.5,5,0.1903,0.9644,0.0419,-0.0077,0.0146,0.0222,68.72393701
9/2/2019,AFL,29/3/2019,43.5,Put,0.1,0.26,0.2062,-0.0867,0.0439,-0.0056,0.0288,-0.0053,68.72393701
9/2/2019,AFL,29/3/2019,45,Call,3.15,3.6,0.1903,0.853,0.0878,-0.0127,0.0419,0.0407,68.72393701
9/2/2019,AFL,29/3/2019,45,Put,0.27,0.47,0.2062,-0.1816,0.0735,-0.0092,0.0466,-0.0109,68.72393701
9/2/2019,AFL,29/3/2019,46.5,Call,2.04,2.31,0.1787,0.7084,0.1141,-0.0137,0.0604,0.0418,68.72393701
9/2/2019,AFL,29/3/2019,46.5,Put,0.52,0.76,0.1842,-0.3016,0.1094,-0.0106,0.061,-0.0174,68.72393701
9/2/2019,AFL,29/3/2019,47,Call,1.66,1.88,0.1667,0.657,0.1284,-0.0133,0.0645,0.0398,68.72393701
9/2/2019,AFL,29/3/2019,47,Put,0.63,0.82,0.1702,-0.3506,0.1264,-0.0103,0.0655,-0.0198,68.72393701
9/2/2019,AFL,29/3/2019,48,Call,1.01,1.34,0.1622,0.5226,0.1406,-0.0133,0.0699,0.0323,68.72393701
9/2/2019,AFL,29/3/2019,48,Put,0.98,1.22,0.1608,-0.4849,0.1455,-0.0101,0.0698,-0.0257,68.72393701
9/2/2019,AFL,29/3/2019,49,Call,0.55,0.85,0.1555,0.3798,0.1402,-0.0119,0.0679,0.0238,68.72393701
9/2/2019,AFL,29/3/2019,49,Put,1.49,1.78,0.1544,-0.6341,0.1469,-0.0087,0.0666,-0.0301,68.72393701
9/2/2019,AFL,29/3/2019,50,Call,0.27,0.56,0.1488,0.244,0.1206,-0.0092,0.0564,0.0154,68.72393701
9/2/2019,AFL,29/3/2019,50,Put,2.12,2.53,0.1488,-0.7769,0.1289,-0.0061,0.0532,-0.0302,68.72393701
9/2/2019,AFL,29/3/2019,51.5,Call,0.02,0.14,0.1472,0.1059,0.0708,-0.0052,0.0321,0.0066,68.72393701
9/2/2019,AFL,29/3/2019,51.5,Put,2.94,4.6,0.1472,-0.9265,0.0744,-0.0016,0.026,-0.021,68.72393701
9/2/2019,AFL,29/3/2019,53,Call,0,0.13,0.1422,0.0325,0.0291,-0.002,0.0127,0.002,68.72393701
9/2/2019,AFL,29/3/2019,53,Put,4.7,5.8,0.1422,-0.9924,0.0151,0,0.0046,-0.0115,68.72393701
9/2/2019,AFL,29/3/2019,55.5,Call,0,0.06,0.1422,0.0032,0.0038,-0.0003,0.0017,0.0002,68.72393701
9/2/2019,AFL,29/3/2019,55.5,Put,7.2,7.9,0.1422,-1,0,0,0,-0.0105,68.72393701
9/2/2019,AGN,22/2/2019,110,Call,20.6,23.35,0.3948,0.9992,0.0004,-0.0091,0.0007,0.0149,68.72393701
9/2/2019,AGN,22/2/2019,110,Put,0,0.22,0.3701,-0.0062,0.0019,-0.0059,0.0045,-0.0003,68.72393701
9/2/2019,AGN,22/2/2019,120,Call,12.05,12.7,0.3948,0.9283,0.0178,-0.0733,0.033,0.02,68.72393701
9/2/2019,AGN,22/2/2019,120,Put,0.34,0.56,0.3701,-0.0971,0.0181,-0.0577,0.044,-0.0048,68.72393701
9/2/2019,AGN,22/2/2019,123,Call,9.2,10.05,0.3739,0.8681,0.0283,-0.1007,0.0529,0.0213,68.72393701
9/2/2019,AGN,22/2/2019,123,Put,0.56,0.85,0.3403,-0.1505,0.0268,-0.072,0.0622,-0.0073,68.72393701
9/2/2019,AGN,22/2/2019,127,Call,5.7,6.2,0.3028,0.7702,0.048,-0.1106,0.0781,0.0248,68.72393701
9/2/2019,AGN,22/2/2019,127,Put,1.19,1.36,0.2967,-0.2662,0.0433,-0.0875,0.0859,-0.0126,68.72393701
9/2/2019,AGN,22/2/2019,129,Call,4.25,4.8,0.2994,0.6664,0.055,-0.1224,0.0913,0.0239,68.72393701
9/2/2019,AGN,22/2/2019,129,Put,1.74,1.94,0.286,-0.3574,0.0511,-0.0954,0.0952,-0.0167,68.72393701